PH,OM,Nitrate_N,Olsen_P,K,Ca,Mg,Sand,Silt,Clay
8.16776,1.15009,6.88318,6.86953,205.586,4854.23,597.541,47.9392,19.2798,33.0182
8.165,1.14643,7.31058,7.1569,205.965,4881,593.286,48.0056,19.3037,32.9836
8.14588,1.17351,8.36935,7.67319,206.672,4894.07,590.77,48.2484,18.9421,33.1589
8.14352,1.20639,8.92212,7.83998,213.062,4875.77,590.337,48.2449,18.8502,33.3486
8.13997,1.25939,9.57739,8.80722,215.91,4883.96,590.333,48.0932,18.8358,33.4074
8.135,1.33714,10.7763,9.29141,219.447,4953.85,594.457,48.0438,18.7761,33.4619
8.13185,1.38027,11.6202,9.89279,224.844,5007.1,601.17,48.0375,18.5907,33.6166
8.12871,1.40615,12.3756,10.3109,226.047,5036.4,608.454,48.1097,18.3646,33.6932
8.1294,1.44857,12.8816,10.5846,230.445,5054.68,614.532,48.0291,18.2102,33.7373
8.12786,1.48222,13.2122,11.0779,234.222,5078.51,618.339,48.2256,17.8089,33.7687
8.12391,1.50843,13.6877,11.2428,236.191,5093.96,618.874,48.4658,17.4519,33.9983
8.12504,1.52306,13.9007,11.2977,237.069,5079.5,617.555,48.7539,17.1212,34.1636
8.12154,1.51749,14.0942,11.327,242.624,5057.36,614.626,49.1847,16.6807,34.1727
8.1156,1.49343,14.0976,11.143,239.399,5021.31,612.247,49.653,16.1939,34.1367
8.11858,1.49042,13.8203,10.583,243.231,5035.84,611.769,50.2811,15.4822,34.2356
8.12118,1.49572,13.9946,10.5269,241.118,5028.39,612.196,50.6885,15.2592,34.0912
8.11376,1.50247,14.2316,10.4665,250.862,5032.22,613.906,51.2338,14.9979,33.9648
8.09068,1.53412,14.3945,10.192,253.372,5033.79,619.181,51.5897,14.8776,33.8043
8.0735,1.58438,14.6807,9.45937,254.267,4988.47,627.544,51.8366,14.7025,33.8782
8.06167,1.6469,15.1285,9.28575,257.929,4965.01,635.462,51.9894,14.6208,33.585
8.17733,1.14725,6.31657,5.73965,199.273,4884.42,604.73,48.0943,19.1554,32.5702
8.16955,1.12127,6.54019,6.55145,204.892,4855.55,598.097,48.0996,19.0318,33.0815
8.16684,1.1042,6.94723,6.81906,205.327,4854.65,596.524,48.1962,19.0323,33.0474
8.15135,1.11182,7.48212,7.07704,206.131,4907.25,590.597,48.2648,19.0374,32.9246
8.14698,1.15792,8.31656,7.28372,211.024,4890.63,587.614,48.2535,18.681,33.423
8.13862,1.21562,9.10504,8.20018,215.221,4910.66,588.071,48.1923,18.6963,33.3997
8.13632,1.28824,9.99311,8.75857,218.044,4973.43,594.093,48.0966,18.6429,33.5128
8.12996,1.32581,10.9503,9.35415,227.103,5035.64,602.208,48.1899,18.3486,33.628
8.1238,1.35343,11.6615,9.795,228.192,5092.73,611.737,48.1599,18.2253,33.7474
8.12027,1.43202,12.3125,10.1733,232.196,5105.7,620.349,48.0826,18.0591,33.7693
8.12057,1.47389,12.5872,10.5866,235.505,5111.18,625.887,48.1345,17.7941,33.9778
8.11898,1.5003,12.9458,10.7356,236.895,5158.99,626.57,48.355,17.4426,34.1417
8.12024,1.49961,13.3833,10.886,237.934,5120.03,623.34,48.6339,17.0804,34.2505
8.11841,1.47737,13.3659,10.8915,242.879,5071.65,618.296,48.9786,16.7319,34.2713
8.11249,1.41782,13.2882,10.8144,240.967,4969.09,616.922,49.5353,16.1923,34.1121
8.11521,1.44357,13.2996,10.2033,243.848,5048.49,612.471,50.058,15.633,34.266
8.11274,1.4488,13.3523,10.0836,243.225,5061.39,612.035,50.46,15.417,34.1586
8.10916,1.44647,13.7304,10.2093,250.098,5068.76,614.526,51.0761,15.1491,33.9943
8.09268,1.49426,14.1134,9.89281,253.078,5054.84,619.457,51.4191,15.0101,33.8176
8.07736,1.55747,14.1418,9.19909,252.695,5025.94,626.599,51.6774,14.8141,33.9248
8.05157,1.63558,15.3349,9.5731,261.243,4978.9,635.447,51.9016,14.7284,33.8142
8.04295,1.66906,15.9217,9.34915,264.958,4992.71,645.452,52.1157,14.5183,33.5683
8.16783,1.13144,6.00575,5.44959,199.026,4884.46,607.284,48.2908,18.8941,32.5965
8.17138,1.09322,6.23637,5.53628,199.021,4859.06,602.32,48.3798,18.9693,32.5092
8.16512,1.05258,6.7115,6.38676,205.999,4870.78,597.352,48.4986,18.739,32.9043
8.15591,1.04748,7.04753,6.59307,206.868,4892.58,591.328,48.5461,18.6834,32.7435
8.14824,1.10727,7.85485,7.20395,213.7,4889.3,587.771,48.402,18.5562,33.2186
8.14187,1.18111,8.59271,7.64272,215.423,4928.73,589.255,48.2644,18.5882,33.4153
8.13611,1.25516,9.44693,8.20116,219.175,4993.1,597.076,48.3457,18.3822,33.5018
8.12839,1.30904,10.1464,8.62839,224.297,5048.9,607.753,48.3021,18.266,33.6571
8.11719,1.36096,10.8941,9.08552,228.684,5114.88,619.707,48.2252,18.1291,33.7057
8.11052,1.43246,11.6092,9.59476,234.146,5146.89,629.521,48.1197,17.9419,33.7276
8.1068,1.47335,12.2497,9.91189,236.803,5163.24,635.305,48.013,17.8029,34.098
8.11086,1.49209,12.5313,10.2472,238.305,5179.34,635.499,48.2848,17.3311,34.2432
8.1137,1.48564,12.7643,10.3418,238.787,5153.35,630.139,48.5233,17.0225,34.3503
8.1127,1.45671,12.9876,10.3346,241.941,5110.15,621.909,48.7978,16.7198,34.4472
8.11216,1.41804,12.3212,10.0101,243.856,5069.79,618.787,49.3524,16.104,34.4721
8.1065,1.40862,12.6389,9.74199,243.374,5095.43,611.16,49.8343,15.7772,34.2914
8.10886,1.40888,12.8516,9.58498,241.647,5095.78,608.067,50.2282,15.5681,34.2113
8.10167,1.4073,13.111,9.40703,247.83,5096.44,608.207,50.6431,15.408,33.9292
8.09117,1.4551,13.668,9.0351,249.384,5074.55,613.755,51.1908,15.1316,33.9659
8.07094,1.51851,14.3273,9.25082,253.07,5057.29,621.455,51.5068,14.9503,33.9288
8.06625,1.58956,14.5289,9.13252,257.271,5032.47,630.599,51.7303,14.7715,33.977
8.04585,1.64479,15.9279,9.32013,263.539,5018.92,643.668,51.8137,14.7527,33.6568
8.04174,1.67387,16.7612,9.17185,267.42,5022.26,654.067,51.9235,14.7587,33.5299
8.15494,1.15014,4.66348,4.301,201.217,4865.62,603.931,49.7913,16.9624,32.8542
8.17378,1.10368,4.8248,4.12148,198.581,4863.09,605.99,49.146,17.5924,32.9523
8.16867,1.05905,5.35042,5.00392,201.933,4859.92,602.322,49.2546,17.4523,33.1664
8.16449,0.983294,5.58839,5.01179,202.612,4893.81,597.818,49.4777,17.3263,33.0953
8.15953,0.961205,6.70161,6.38618,214.667,4886.37,592.531,48.634,18.4905,32.9051
8.15165,1.07011,7.39111,6.85945,215.795,4894.36,589.573,48.4944,18.6341,32.8842
8.14653,1.15971,8.15637,7.18201,217.856,4947.6,593.176,48.3751,18.4469,33.3469
8.14032,1.24038,9.002,7.79317,222.287,4959.43,602.434,48.4953,18.2211,33.4747
8.12775,1.31736,9.71941,8.13816,225.683,5047.82,615.303,48.4287,18.1049,33.7095
8.10996,1.38768,10.5736,8.60894,231.006,5127.97,628.576,48.3743,17.8959,33.6733
8.10618,1.45008,10.9442,8.89506,234.236,5186.76,640.71,48.2111,17.8248,33.7664
8.10139,1.48393,11.6441,9.43173,237.773,5198.38,645.279,48.1614,17.4971,33.9743
8.10604,1.49559,12.3855,9.51199,240.473,5210.02,641.764,48.14,17.3805,34.298
8.11219,1.48529,12.4769,9.76852,240.925,5180.83,634.797,48.4724,16.911,34.4296
8.11264,1.45131,12.3167,9.59018,243.174,5161.32,627.453,48.8992,16.2797,34.5791
8.10907,1.41097,12.5168,9.73096,242.199,5140.56,617.57,49.3249,16.0152,34.5332
8.10447,1.38424,12.3299,9.35931,242.806,5144.85,608.261,49.6885,15.8347,34.3237
8.1022,1.38208,12.2609,9.19211,244.584,5141.21,601.098,50.0381,15.7353,34.1018
8.09828,1.39542,12.81,9.24974,246.392,5114.5,600.342,50.4268,15.4992,34.0163
8.08798,1.42798,13.466,8.76162,249.28,5090.64,604.374,50.8189,15.2542,33.9668
8.07141,1.47886,13.7351,8.78426,251.229,5068.3,612.856,51.2893,15.0184,34.108
8.05569,1.55699,14.8598,9.0472,258.709,5058.54,624.035,51.525,14.8819,34.0531
8.05396,1.62798,15.5344,9.19298,261.809,5045.37,638.304,51.5506,14.9461,34.0352
8.04526,1.67087,16.5299,8.77188,265.759,5017.89,652.063,51.6624,14.962,33.5812
8.02998,1.69982,17.5397,8.698,270.5,4988.53,661.503,51.6804,15.025,33.4837
8.15707,1.16789,4.37579,4.25258,213.247,4951.9,612.958,49.7254,17.0113,33.0799
8.15921,1.15957,4.65706,4.23133,201.349,4899.37,606.61,49.8233,16.9856,32.8061
8.1767,1.12403,4.81764,4.03007,198.69,4866.82,607.775,49.1155,17.6853,32.9016
8.1718,1.07084,4.92369,4.04871,202.043,4887.75,604.932,49.6956,17.2508,32.6904
8.17028,0.990479,6.03158,5.38188,204.533,4884.94,602.298,49.093,18.18,32.5228
8.16007,0.932217,6.47051,5.59774,213.425,4886.97,596.252,48.8059,18.3314,32.8331
8.15262,1.06745,7.02829,6.25373,215.714,4907.41,595.282,48.6121,18.4863,32.9093
8.14867,1.15907,7.74328,6.75438,219.187,4935.32,599.155,48.6968,18.3997,32.9962
8.14237,1.22608,8.71451,7.04487,222.996,4892.98,612.297,48.5879,18.0889,33.545
8.124,1.34202,9.47179,7.55827,227.104,5037.65,626.348,48.5459,17.9338,33.754
8.10889,1.42928,10.1614,7.97772,232.362,5160.55,639.682,48.4554,17.7897,33.6885
8.09781,1.48548,10.3247,8.20448,236.298,5272.53,652.534,48.2341,17.719,33.8156
8.09769,1.50784,11.3769,8.67294,239.789,5236.53,655.361,48.1864,17.4888,34.0781
8.10556,1.50995,11.8667,8.84229,240.898,5229.94,649.451,48.2189,17.2508,34.4367
8.1124,1.4968,12.0085,9.14309,242.232,5228.06,642.291,48.5477,16.7542,34.3457
8.11446,1.44923,11.9535,9.0316,243.544,5205.32,630.03,48.7804,16.3518,34.5291
8.11151,1.39483,11.9345,8.80379,243.006,5200.89,614.101,49.0592,16.2224,34.7366
8.10525,1.35241,12.1058,8.81167,240.173,5227.25,602.443,49.4949,15.8971,34.5303
8.10264,1.35142,11.8954,8.64195,241.934,5216.14,593.159,49.8169,15.8126,34.3278
8.09764,1.3812,12.4566,8.7548,245.473,5141.07,589.669,50.1885,15.6127,34.083
8.08082,1.4086,13.1404,8.3463,246.865,5109.85,592.045,50.6144,15.3826,34.1142
8.07081,1.44169,13.7039,8.39245,250.887,5090.2,600.145,51.0473,15.1674,34.1603
8.05865,1.53239,14.6442,8.6625,255.065,5070.81,613.114,51.1975,15.116,34.1517
8.04832,1.61553,15.4964,8.60112,259.219,5058.31,630.997,51.2933,15.1193,34.0136
8.04394,1.67777,16.2053,8.68241,264.022,5048.67,647.258,51.2095,15.2229,34.0197
8.03091,1.70455,17.8873,8.12819,268.635,4996.71,660.605,51.3193,15.2996,33.6141
8.03047,1.73647,17.7959,8.15304,269.905,4953.84,668.453,50.7225,15.5973,34.0816
8.14042,1.15984,4.39399,4.16598,213.702,4833.21,612.741,49.7564,16.997,33.0878
8.14923,1.16202,4.44456,4.1174,212.55,4905.08,612.03,49.5862,17.2132,33.0481
8.16608,1.15178,4.7859,4.04562,202.891,4902.99,611.247,49.7916,17.1753,32.6504
8.15465,1.09469,4.89175,3.85736,205.545,4910.89,610.252,49.5962,17.3492,33.0279
8.16803,1.0477,5.79113,4.88867,211.188,4885.75,606.362,49.1654,18.0338,32.7637
8.16046,1.04021,6.16077,5.04927,212.596,4904.03,602.635,48.8787,18.2721,32.8711
8.15202,1.11278,6.75772,5.31929,215.489,4953.47,603.578,48.7406,18.3264,32.9115
8.1469,1.1946,7.39049,5.92464,219.459,4976.14,609.368,48.7885,18.1863,33.2567
8.14227,1.27538,8.08238,6.3104,223.642,4954.04,621.744,48.6641,18.1082,33.4111
8.12585,1.39545,9.05426,6.85902,228.872,5079.77,636.387,48.6107,17.9118,33.5468
8.11264,1.49283,9.61243,7.19073,231.601,5203.49,652.853,48.498,17.7027,33.6963
8.1006,1.53866,10.1103,7.60934,233.963,5278.53,663.948,48.3461,17.5508,33.977
8.10247,1.54201,10.9416,7.94943,240.098,5263.73,663.249,48.1997,17.4382,34.2239
8.11218,1.52998,11.3658,8.15524,240.245,5246.59,656.134,48.1412,17.2636,34.5152
8.11562,1.49714,11.4848,8.15178,242.038,5246.9,644.924,48.377,16.7616,34.7151
8.11841,1.43869,11.8706,8.40028,241.657,5227.39,630.323,48.7241,16.4169,34.6174
8.11354,1.37369,11.59,8.11793,240.003,5214.06,612.067,48.8208,16.3819,34.8785
8.10647,1.32515,11.6349,8.0808,240.295,5264.51,595.884,49.2606,16.064,34.7433
8.10032,1.33261,12.0624,8.25958,242.941,5253.62,585.466,49.693,15.8242,34.2832
8.09548,1.37767,12.0389,7.65911,238.6,5168.82,579.322,49.9404,15.6773,34.4254
8.0817,1.41555,12.8088,7.89077,245.748,5120.73,579.838,50.3065,15.5419,34.1933
8.06997,1.45512,13.5941,7.94898,249.117,5114.71,587.901,50.5544,15.4433,34.1707
8.05781,1.51791,14.182,8.03955,250.824,5103.64,602.615,50.9263,15.3644,34.2834
8.04941,1.6006,15.3173,8.09845,254.774,5082.92,621.085,50.8287,15.4538,34.2157
8.04095,1.6891,16.5426,8.15771,261.692,5089.54,638.93,50.7826,15.5158,34.1735
8.03803,1.70755,17.2725,7.96437,263.405,5018.11,653.736,50.5274,15.679,34.4132
8.03288,1.74394,17.9482,8.08394,269.03,4962.37,662.485,50.3584,15.8032,34.1924
8.13347,1.19119,4.30262,3.80288,220.737,4828.46,615.347,50.3581,16.4753,33.1714
8.14127,1.14919,4.34176,3.79035,221.361,4849.99,616.239,50.0146,16.7754,33.0484
8.15288,1.12884,4.60569,3.98502,210.025,4879.65,614.891,49.6819,17.0921,33.0687
8.16007,1.13941,4.68777,3.84983,207.554,4873.55,616.339,49.5256,17.2638,33.1981
8.1584,1.12171,5.33568,4.37222,211.297,4894.12,615.552,49.2949,17.7534,33.1026
8.16362,1.10002,5.5999,4.42013,210.969,4892.69,613.529,49.12,18.0213,32.9019
8.16034,1.10743,5.91729,4.60012,211.891,4912.52,611.089,48.829,18.234,33.0464
8.15163,1.16377,6.27607,4.74207,211.821,4984.64,613.638,48.6054,18.3683,33.3317
8.14328,1.24595,7.01705,5.35124,218.476,5048.56,620.259,48.7869,18.197,33.3005
8.13711,1.3383,7.59551,5.69756,222.361,5050.35,632.959,48.6302,18.1381,33.5369
8.12542,1.45968,8.65122,6.23567,227.806,5145.37,646.953,48.58,17.9212,33.6053
8.11518,1.57368,9.19995,6.66346,233.055,5244.75,660.775,48.4165,17.8767,33.5539
8.10871,1.59718,9.75111,6.98158,234.674,5275.37,670.376,48.2272,17.6015,34.1158
8.11156,1.57449,10.1388,7.25338,236.285,5268.88,669.5,48.0174,17.5845,34.3412
8.11712,1.55088,10.872,7.38496,240.823,5275.9,662.872,48.1651,17.0895,34.5364
8.12068,1.49986,11.327,7.65531,242.46,5261.52,647.662,48.2726,16.8364,34.7339
8.12106,1.42532,11.1015,7.87286,242.952,5235.44,629.014,48.3651,16.7803,34.7985
8.11852,1.34807,11.3581,7.5637,240.737,5202.41,609.837,48.6406,16.5653,34.7818
8.11239,1.3083,11.5305,7.57698,242.965,5213.06,592.624,49.099,16.1784,34.59
8.10705,1.33394,11.4294,7.40496,237.332,5211.41,580.352,49.3853,16.0492,34.5705
8.09594,1.38308,12.1721,7.42135,239.981,5152.55,573.063,49.681,15.8004,34.4734
8.08337,1.42865,12.6193,7.45072,243.941,5112.93,571.742,49.925,15.7688,34.3892
8.06738,1.46027,13.5276,7.55556,245.614,5113.82,580.236,50.1831,15.6585,34.2846
8.05072,1.50283,14.49,7.65199,248.317,5124.31,593.887,50.3808,15.6405,34.3834
8.03747,1.56864,15.3341,7.83554,252.744,5117.12,613.678,50.4902,15.7008,34.4573
8.03161,1.64536,16.5326,7.89275,256.661,5077.77,630.665,50.3,15.7891,34.4946
8.02683,1.6977,17.4849,7.74122,262.005,5017.81,645.291,50.1319,15.9254,34.4398
8.02843,1.74098,18.2045,7.91197,265.941,4950.49,653.988,49.998,15.9908,34.3128
8.02486,1.75716,18.0278,7.81926,267.14,4938.27,655.035,49.2079,16.4546,34.8562
8.12814,1.22311,4.40891,3.9026,233.939,4806.17,619.091,50.214,16.5149,33.3173
8.14466,1.12744,4.37083,3.69015,220.462,4871.89,619.517,50.0269,16.7624,33.2308
8.15087,1.08704,4.47091,3.68083,223.766,4935.3,622.341,49.654,17.1302,33.2479
8.15488,1.14278,5.00725,3.87106,212.588,4883.94,624.341,49.5002,17.3731,32.9462
8.15602,1.15122,5.24499,3.95769,215.014,4863.69,624.566,49.2709,17.6285,33.1601
8.158,1.14895,5.4118,3.9676,214.128,4861.28,623.147,48.9426,18.0068,33.1552
8.15014,1.15854,5.7766,3.80459,211.781,4928.9,623.939,48.7307,18.3475,33.1396
8.14808,1.20395,6.16485,4.29363,216.366,5018.16,626.767,48.7637,18.2297,33.4817
8.1391,1.29078,6.46865,4.58034,221.166,5121.1,633.886,48.7828,17.9673,33.6944
8.13176,1.37518,7.5682,5.33502,223.341,5113.21,644.938,48.5954,18.0907,33.6372
8.12422,1.51708,8.22941,5.60378,228.509,5198.49,655.797,48.4661,18.0499,33.6175
8.11765,1.70933,8.69328,5.74648,232.797,5333.7,667.539,48.3148,17.7264,33.8989
8.11474,1.65582,9.65686,6.36557,237.694,5295.38,674.492,48.1262,17.5149,34.3516
8.11664,1.59388,10.2076,6.43269,237.944,5274.3,672.168,47.973,17.4186,34.6539
8.12161,1.57548,10.4223,6.69298,240.138,5285.87,665.296,47.9462,17.2951,34.5507
8.1256,1.50839,11.0048,7.16932,243.225,5282.8,650.699,48.0073,17.052,34.8192
8.12361,1.41216,11.3419,7.04767,241.425,5222.34,630.579,48.1297,16.9321,34.9248
8.1208,1.31021,11.1479,6.82881,238.332,5186.83,611.665,48.3374,16.7145,35.0727
8.11914,1.2737,11.2321,7.16424,236.897,5177.12,594.027,48.6594,16.4281,34.9644
8.10974,1.33011,11.5914,6.95347,236.573,5186,580.25,49.0301,16.1941,34.7549
8.09688,1.39552,11.9888,6.62474,236.961,5119.19,570.302,49.2159,16.1284,34.8181
8.08474,1.45011,12.4125,6.91935,241.306,5067.53,568.676,49.4587,16.0134,34.6169
8.06136,1.4565,13.5114,7.42099,245.038,5130.04,575.197,49.756,15.8674,34.4572
8.04002,1.47996,14.481,7.13564,245.602,5138.28,589.34,49.9016,15.8752,34.5165
8.01957,1.51625,15.539,7.31837,249.414,5181.79,607.217,49.8821,16.0074,34.79
8.02209,1.60788,16.6827,7.52041,253.837,5088.76,623.833,49.7861,16.0247,34.6706
8.0233,1.68112,17.408,7.56835,257.496,5003.91,635.64,49.4061,16.307,34.8583
8.02201,1.7444,17.7357,7.56998,261.837,4927.14,642.44,49.0064,16.5652,34.9133
8.03091,1.74487,17.8487,7.50964,262.509,4936.85,641.62,48.5767,16.7787,35.0951
8.11425,1.27472,4.62644,3.99776,238.359,4852.93,621.079,49.899,16.6594,33.6421
8.13174,1.18599,4.53134,3.57974,222.492,4909.18,625.974,49.9826,16.7495,33.2772
8.14078,1.15247,4.68404,3.70181,224.873,4953.22,630.33,49.4893,17.1818,33.387
8.15124,1.17869,4.92298,3.59312,214.505,4939.47,634.473,49.4146,17.3542,33.0339
8.15161,1.18593,5.02361,3.49929,212.084,4877.39,636.726,49.1295,17.7135,33.1051
8.15423,1.19174,5.2749,3.50172,212.498,4787.7,636.131,48.7778,18.0536,33.289
8.14879,1.18554,5.61503,3.74903,213.592,4926.38,636.826,48.4536,18.4221,33.666
8.1385,1.21343,5.79382,3.74162,216.682,5011.72,640.76,48.4689,18.2389,33.8619
8.13645,1.26991,6.41392,4.00838,217.927,5066.47,647.198,48.438,18.154,33.8094
8.12533,1.3621,7.24763,4.66233,224.183,5110.92,655.691,48.4243,18.0212,33.7922
8.12538,1.50098,7.91282,5.18359,231.44,5194.26,663.041,48.2517,18.0042,33.9436
8.12212,1.69396,8.70596,5.55821,236.706,5331.38,670.964,48.0676,17.8658,33.9553
8.11796,1.62976,9.70097,6.49604,241.766,5281.28,676.599,47.8289,17.7595,34.4029
8.11892,1.568,10.3534,6.75761,243.119,5264.52,674.551,47.7492,17.6316,34.5588
8.12222,1.55001,10.6877,6.43451,240.148,5288.46,668.983,47.7174,17.4435,34.6285
8.12412,1.49338,11.1354,6.58183,240.977,5272.55,654.103,47.7726,17.2688,34.752
8.12317,1.40207,11.4391,7.059,243.736,5229.46,635.906,47.9161,17.0801,35.0343
8.1205,1.30882,11.3739,6.58367,240.098,5209.85,618.261,48.128,16.8587,35.1023
8.11709,1.27674,11.5161,6.21255,237.161,5202.86,600.305,48.3617,16.6173,35.1697
8.11135,1.32336,11.7525,6.60085,239.024,5191.77,586.263,48.6635,16.4269,34.9153
8.09615,1.38723,12.1459,6.24643,235.933,5115.26,577.04,48.8412,16.3315,34.9341
8.08206,1.44815,12.8821,6.7578,238.353,5042.33,576.172,49.1288,16.1603,34.7509
8.06832,1.43258,13.4123,7.27643,242.881,5144.03,581.45,49.2824,16.1433,34.5956
8.04332,1.45346,14.5242,6.74266,243.173,5161.11,591.527,49.3162,16.2222,34.8882
8.03229,1.50572,15.6129,7.15595,248.579,5150.71,606.32,49.3473,16.3135,34.9484
8.0286,1.57726,16.3976,7.35756,251.273,5097.8,618.934,49.0234,16.5075,34.9852
8.02249,1.65491,17.1983,7.2179,253.832,5026.66,627.49,48.7227,16.6648,35.032
8.01761,1.78288,17.8101,7.55257,258.617,4830.06,629.809,48.3673,16.8617,35.0383
8.03352,1.72863,17.6954,7.90282,265.141,4960.41,626.522,47.9806,17.0618,35.1592
8.09754,1.37379,4.64537,3.97714,243.043,4770.18,619.042,50.2665,16.2972,33.7018
8.10867,1.32253,4.64119,3.88001,237.57,4818.86,624.851,49.8652,16.6393,33.8282
8.12122,1.26692,4.62369,3.749,232.464,4920.26,632.4,49.7252,16.8241,33.5996
8.13056,1.24333,4.8111,3.67811,227.03,4987.52,639.253,49.4386,17.1233,33.366
8.14231,1.22914,4.83749,3.628,224.407,4976.79,643.281,49.1157,17.5272,33.3108
8.14978,1.21225,4.89315,3.36204,214.59,4951.18,648.173,48.9615,17.7008,33.2605
8.15007,1.20064,5.14866,3.32143,216.999,4909.56,649.059,48.4487,18.1342,33.5548
8.15316,1.19125,5.33135,3.41469,213.187,4954.97,649.944,48.2585,18.3618,33.7205
8.14089,1.20136,5.65048,3.81105,219.053,5025.81,652.902,48.1437,18.4207,33.9136
8.13433,1.23682,6.25707,3.74584,217.695,5040.22,658.327,48.1328,18.3642,33.8575
8.1286,1.31328,6.87963,3.95452,221.424,5085.2,661.823,48.0128,18.282,34.0934
8.12506,1.42103,7.78205,5.5383,233.013,5174.52,667.72,47.9711,18.1714,34.0079
8.12552,1.52222,8.66108,5.32722,236.161,5230.87,673.018,47.8273,18.0465,33.9877
8.12149,1.52848,9.52316,5.69248,238.534,5231.27,676.17,47.5903,17.8871,34.4775
8.12047,1.5061,10.3692,6.47155,241.955,5231.69,675.044,47.4933,17.7676,34.6835
8.11811,1.49866,10.8063,6.66354,241.912,5243.38,671.597,47.4758,17.6166,34.6848
8.11785,1.46828,11.473,6.81458,241.495,5244.05,659.791,47.5435,17.4216,34.8066
8.11843,1.39398,11.5944,6.78423,241.707,5222.74,644.953,47.6569,17.2289,35.1529
8.11598,1.32236,11.6013,6.26181,241.411,5240.85,628.357,47.9086,16.9613,35.2098
8.11411,1.29505,11.7201,5.8634,236.395,5254.25,611.397,48.0827,16.8285,35.2809
8.11297,1.31264,11.9309,6.44587,236.619,5232.52,598.2,48.2056,16.6888,35.2164
8.09967,1.34622,12.4233,6.64893,238.637,5181.7,589.679,48.6129,16.4463,34.9471
8.08578,1.37587,13.0063,6.43877,238.559,5158.93,587.581,48.7933,16.353,34.81
8.07284,1.38732,13.5157,6.97427,241.039,5189.26,591.918,48.8407,16.4188,34.9193
8.05298,1.41879,14.6135,7.24472,247.415,5171.88,599.447,48.9518,16.4305,34.6996
8.0411,1.48299,15.5849,6.9812,246.637,5164.88,610.605,48.8231,16.5746,35.1004
8.03708,1.54699,16.2929,7.3911,251.421,5131.42,618.209,48.5999,16.7167,35.0391
8.03557,1.60953,16.9597,7.66466,256.01,5060.76,622.031,48.2025,16.931,35.0133
8.03743,1.67775,17.2452,7.4945,256.132,4980.3,620.536,47.7169,17.178,35.1907
8.05046,1.68419,17.266,8.10713,264.697,5001.49,613.907,47.4742,17.2994,35.1842
8.09032,1.43083,4.64705,3.87565,242.885,4622.55,622.409,50.2351,16.2623,33.881
8.09892,1.37832,4.5864,3.72352,236.43,4769.01,631.316,49.907,16.5623,33.8394
8.10929,1.34254,4.70927,3.79869,233.834,4933.6,642.094,49.6187,16.7209,33.7812
8.11806,1.34386,4.79453,3.63262,230.583,5088.53,651.328,49.2763,17.099,33.5353
8.12713,1.28232,4.72653,3.45432,226.446,5043.21,657.135,48.8625,17.5225,33.5767
8.14211,1.23244,4.76621,3.32857,222.179,5027.59,661.283,48.4328,18.0153,33.6996
8.14955,1.20495,4.96388,3.26105,222.26,4999.63,662.127,48.0883,18.2843,33.7486
8.15134,1.18182,5.06498,3.18428,220.094,5029.05,663.772,47.8412,18.519,33.9056
8.15243,1.17158,5.40869,3.85631,217.955,5044.83,665.723,47.8398,18.6278,33.867
8.14316,1.18264,5.74229,4.08305,222.163,5033.69,667.503,47.7783,18.5756,33.9796
8.13277,1.23515,6.75995,4.78989,227.876,5046.69,669.154,47.6573,18.4917,34.0445
8.13168,1.31194,7.49162,4.99721,230.355,5125.78,671.159,47.486,18.4246,34.1771
8.12661,1.37123,8.38613,5.65844,233.529,5166.2,674.698,47.3734,18.3407,34.5114
8.12102,1.39634,9.44637,5.90154,238.05,5180.18,675.074,47.2919,18.0822,34.6511
8.12264,1.4107,10.0947,6.26357,241.372,5192.27,673.853,47.1675,18.0107,34.6154
8.11576,1.43399,10.9161,7.07769,245.443,5207.59,670.174,47.0445,17.9784,34.8689
8.10617,1.45881,11.5205,6.7236,241.236,5186.77,666.146,47.2072,17.7052,34.9034
8.11481,1.37412,11.4982,6.66132,242.156,5219.15,656.955,47.375,17.4271,35.0768
8.12124,1.31546,11.7,6.80905,240.345,5270.4,645.156,47.5992,17.2054,35.2577
8.11344,1.29725,12.0154,6.30099,238.463,5335.7,629.161,47.8162,17.0263,35.3049
8.11275,1.29077,12.0933,6.56754,237.064,5292.84,616.855,47.9419,16.8869,35.2079
8.10927,1.29322,12.1691,6.80501,238.305,5260.51,607.708,48.1787,16.7612,35.1147
8.0959,1.29506,13.0309,7.0831,241.581,5262.63,606.19,48.4318,16.6138,34.8711
8.08197,1.31813,13.6164,6.96031,241.908,5234.15,609.237,48.3614,16.704,34.9268
8.07102,1.36249,14.4824,7.33877,246.393,5212.83,613.89,48.4733,16.6836,34.822
8.06134,1.44382,15.2615,7.37348,248.97,5203.08,620.169,48.3315,16.8065,35.0732
8.05304,1.50133,16.0504,7.60863,253.022,5172.29,621.73,48.0283,16.9565,35.0929
8.05397,1.54197,16.3039,7.76486,253.896,5120.5,619.596,47.6328,17.2423,35.2175
8.05964,1.58837,16.7189,8.13523,260.081,5072.1,612.238,47.2599,17.4013,35.1651
8.07243,1.61771,16.5415,8.28367,261.761,5071.12,602.853,46.827,17.6189,35.3292
8.08409,1.49357,4.5875,3.72526,242.654,4400.95,626.563,50.062,16.318,34.1044
8.08714,1.42859,4.62637,3.89835,239.665,4773.66,639.125,49.7347,16.4902,33.9619
8.09311,1.38103,4.61801,3.70994,234.497,4973.81,652.765,49.3796,16.7871,34.0345
8.10334,1.36142,4.61825,3.5062,231.014,5111.24,663.629,48.7654,17.4373,34.0565
8.11742,1.29577,4.67943,3.40258,227.718,5084.35,669.94,48.4313,17.7644,33.7811
8.13517,1.23551,4.56801,3.20707,221.894,5069.38,674.755,48.0385,18.1654,33.8604
8.15001,1.20234,4.54794,3.08026,221.778,5048.45,674.791,47.6633,18.4952,34.0117
8.1571,1.16429,4.8496,3.49371,221.837,5055.58,674.034,47.4065,18.7581,34.1882
8.15125,1.1337,5.12209,3.76264,221.007,5060.95,675.083,47.452,18.7549,34.0537
8.14407,1.12846,5.38908,3.70323,224.596,5066.86,673.447,47.3394,18.8277,34.1774
8.1381,1.16569,6.5521,4.9164,228.657,5079.63,673.882,47.2165,18.7343,34.235
8.13964,1.22007,7.19188,5.22679,229.176,5120.09,673.972,47.1025,18.6411,34.4515
8.13333,1.25883,8.09189,5.61246,231.761,5137.16,672.852,46.9977,18.5339,34.7335
8.12312,1.28502,9.1187,6.24065,239.911,5126.63,673.384,46.9009,18.3528,34.9296
8.1278,1.31574,9.93325,6.74281,240.352,5153.34,674.284,46.9141,18.1963,34.8864
8.12473,1.34918,10.5624,6.85228,241.402,5175.05,675.808,46.8999,17.9771,34.9032
8.11327,1.39911,11.4061,6.97201,245.116,5167.05,674.368,47.0553,17.6864,35.1194
8.11416,1.32766,11.4635,7.11957,242.333,5233.28,669.787,47.1551,17.5684,35.1181
8.11894,1.28556,11.3838,6.79118,239.739,5276.5,661.245,47.2992,17.4677,35.4986
8.12328,1.27472,11.6043,6.96345,237.923,5361.78,648.621,47.4787,17.2741,35.4331
8.1127,1.26019,11.9701,6.81366,239.785,5320.7,636.288,47.66,17.0917,35.1005
8.11057,1.2485,11.9599,6.75541,237.337,5291.52,628.392,47.8013,17.0531,35.2888
8.10041,1.22179,12.843,7.35274,241.281,5348.27,626.566,48.0636,16.8786,34.9817
8.09176,1.25625,13.3298,7.00265,238.301,5303.3,628.587,47.9927,16.8663,35.2076
8.0828,1.29869,13.9586,7.35957,244.724,5245.31,629.273,48.0072,16.9647,34.9708
8.07631,1.36382,14.6107,7.2118,244.264,5225.85,630.559,47.7834,17.0727,35.4
8.06808,1.42618,15.5362,7.8299,253.172,5208.59,627.765,47.5946,17.2126,35.1813
8.06981,1.47697,15.4585,7.7735,249.524,5159.09,620.854,47.1519,17.4638,35.4531
8.07246,1.52052,15.7927,8.02965,253.321,5117.23,607.318,46.6957,17.6872,35.5684
8.0843,1.55805,15.5464,8.42486,259.17,5111.5,597.448,46.3096,17.8855,35.5735
8.09598,1.6135,15.1157,8.55293,258.009,5103.47,590.465,46.0136,18.0083,35.6737
8.08155,1.51996,4.5593,3.94534,245.384,4729.77,634.731,49.8852,16.3165,34.2475
8.08086,1.46636,4.52276,3.81254,241.051,4867.16,650.05,49.4548,16.5674,34.1874
8.07567,1.39927,4.46518,3.63721,237.925,5030.28,665.228,49.046,16.8668,34.2435
8.08653,1.33707,4.46455,3.40443,233.7,5135.12,678.022,48.4244,17.5545,34.1217
8.10996,1.28004,4.3681,3.27622,229.267,5117.19,685.051,47.9761,17.9966,34.1438
8.12722,1.21835,4.33869,3.48757,229.188,5116.26,687.099,47.6045,18.3362,34.0395
8.14502,1.17153,4.46187,3.52686,226.502,5091.98,686.955,47.2028,18.6877,34.1539
8.15733,1.12603,4.54062,3.58936,219.58,5090.44,686.181,47.1054,18.8613,34.2473
8.15513,1.08245,4.722,3.65193,218.562,5084.03,685.401,46.9683,18.9717,34.3066
8.14914,1.05144,5.42785,4.44233,224.051,5108.58,682.445,46.9014,18.9619,34.2895
8.14437,1.08954,6.06841,4.94305,226.231,5113.66,679.52,46.692,18.9573,34.7207
8.14651,1.12983,6.83184,5.86354,232.575,5111.72,675.275,46.6555,18.8709,34.625
8.13791,1.15015,7.61957,6.16285,239.414,5093.85,669.853,46.4523,18.8134,34.9759
8.1349,1.18121,8.75875,6.70926,240.312,5108.87,670.555,46.5677,18.4904,34.9649
8.13678,1.20917,9.38285,6.95141,241.054,5137.18,674.603,46.5463,18.3672,35.0979
8.13525,1.22138,10.0265,7.41338,244.03,5179.74,677.707,46.6055,18.2026,35.0876
8.12824,1.24436,10.832,7.35426,243.017,5184.83,682.017,46.6377,17.9634,35.4175
8.12914,1.24612,10.8162,7.37476,241.748,5215.67,683.747,46.7792,17.7771,35.5209
8.12569,1.2311,11.0095,7.52594,242.517,5283.08,679.554,46.9511,17.6486,35.4771
8.1256,1.22242,11.3227,7.36757,239.199,5302.19,669.872,47.1094,17.4653,35.5132
8.12017,1.22026,11.183,7.39662,237.502,5299.41,659.837,47.1628,17.4064,35.6439
8.11577,1.20848,11.5931,6.9517,237.809,5304.01,652.267,47.3064,17.3288,35.5831
8.10749,1.19456,11.9332,6.89575,234.214,5324.66,650.379,47.3746,17.223,35.6358
8.10685,1.20754,12.814,7.40703,241.185,5306.92,649.363,47.5544,17.0782,35.2889
8.10175,1.22267,13.1698,7.43693,241.901,5280.74,647.979,47.4768,17.1632,35.3113
8.09437,1.24936,13.9278,7.71491,246.498,5241.56,643.572,47.3287,17.3051,35.3164
8.09123,1.33151,14.3687,7.81321,248.113,5231.13,636.646,46.9669,17.4925,35.4877
8.08433,1.41108,14.5694,7.90935,248.105,5209.27,625.497,46.6004,17.7011,35.6349
8.08592,1.47074,14.8143,8.15923,248.986,5183.19,608.273,46.2309,17.9127,35.7853
8.09632,1.52368,14.6937,8.53863,255.963,5164.07,596.426,45.8251,18.0796,35.7518
8.10827,1.58648,14.2463,8.75675,256.923,5140.39,588.546,45.5017,18.2555,35.8575
8.08504,1.57065,4.51642,4.06279,250.79,4873.28,644.633,49.5918,16.3902,34.2483
8.07709,1.50384,4.42399,3.82296,246.892,4977.35,661.084,49.1393,16.719,34.2873
8.06672,1.41006,4.38165,3.62514,241.959,5137.9,677.826,48.5877,17.1723,34.3759
8.07621,1.31533,4.25167,3.36335,236.368,5225.85,690.215,48.014,17.6688,34.3167
8.10187,1.26486,4.14447,3.25602,232.703,5152.77,696.69,47.5187,18.1151,34.1775
8.12742,1.19078,4.08573,3.46963,231.09,5155.95,697.249,47.118,18.4934,34.415
8.14161,1.12386,4.15153,3.62542,227.86,5123.36,696.656,46.8197,18.7808,34.3205
8.15143,1.08434,4.22403,3.72512,225.545,5116.18,693.816,46.6045,19.0079,34.3195
8.15306,1.04178,4.50961,4.20946,221.122,5114.09,692.492,46.487,19.1559,34.6039
8.15268,0.9462,4.7361,4.51265,224.464,5164.31,687.585,46.321,19.2385,34.7372
8.15382,1.04051,5.59908,5.21402,226.565,5128.66,683.455,46.2123,19.1484,34.9008
8.15266,1.0725,6.20744,5.53362,227.212,5093.38,678.26,46.126,19.0841,35.0044
8.14795,1.04747,7.05875,6.56147,238.999,5061.48,670.503,46.0347,18.9967,35.1185
8.14752,1.09476,7.97991,6.92786,240.894,5074.59,669.87,46.1092,18.7386,35.1637
8.14274,1.12733,8.84566,7.2767,241.774,5132.23,674.208,46.1494,18.546,35.4154
8.14831,1.09029,9.33694,7.66255,243.309,5176.55,681.468,46.2291,18.3967,35.3305
8.14207,1.11702,9.88064,7.63058,242.186,5204.73,690.244,46.2291,18.1872,35.6328
8.13645,1.17778,10.1578,7.63826,241.933,5217.09,693.626,46.2863,18.0527,35.8425
8.13442,1.17867,10.1089,7.65648,237.071,5253.7,694.661,46.5861,17.8269,35.6005
8.13174,1.17259,10.4133,7.66145,238.645,5281.92,687.478,46.6673,17.7118,35.5917
8.12779,1.19169,10.4465,7.68178,238.211,5287.36,679.198,46.7045,17.6658,35.7552
8.12066,1.18077,10.711,7.05949,235.922,5302.11,673.766,46.8117,17.5722,35.8972
8.11369,1.16675,11.0667,7.25071,235.371,5307.41,669.814,46.9377,17.4703,35.7433
8.11928,1.1807,11.1371,7.08714,235.584,5301.03,668.276,46.8506,17.5082,35.6741
8.11359,1.16774,12.2946,7.53287,240.473,5276.35,663.749,46.9374,17.4265,35.5755
8.11821,1.10046,12.7409,7.78788,242.559,5284.99,657.108,46.6827,17.601,35.7303
8.1053,1.26215,13.1177,8.18104,246.183,5254.66,646.706,46.3648,17.7826,35.6673
8.09623,1.36817,13.5566,8.12433,245.973,5242.6,632.27,46.0367,17.9409,35.799
8.09266,1.44149,13.896,8.42906,251.422,5252.47,613.526,45.708,18.0972,35.909
8.10201,1.51179,13.7178,8.70049,253.308,5222.23,600.923,45.438,18.2173,35.9781
8.0858,1.62374,4.48461,4.10144,253.67,4948.14,653.67,49.2822,16.5178,34.3769
8.08007,1.54591,4.44813,3.95228,250.58,5046.69,670.853,48.8406,16.8793,34.3734
8.07086,1.4452,4.27113,3.65664,245.024,5179.36,687.24,48.2694,17.2742,34.5123
8.07774,1.33249,4.11593,3.49372,239.198,5257.8,698.684,47.6343,17.7915,34.4288
8.10205,1.26706,3.99303,3.36556,235.696,5170.33,703.437,47.2002,18.2145,34.3534
8.12451,1.17259,3.83698,3.08688,231.224,5169.89,703.165,46.7582,18.6206,34.3212
8.14247,1.06797,3.71244,3.46303,228.126,5143.41,701.16,46.3879,18.9119,34.5271
8.14454,1.06152,3.90052,3.70163,226.63,5136.7,697.278,46.1341,19.167,34.7001
8.13983,1.04033,4.16385,4.28408,225.525,5140.32,694.9,46.1057,19.3306,34.7148
8.14673,1.01084,4.57856,4.79702,227.111,5147.73,690.318,45.8977,19.3551,34.9372
8.15177,1.05673,5.2382,5.40203,225.938,5120.98,685.726,45.8199,19.3064,34.8763
8.15999,1.07287,5.75936,6.16251,232.519,5077.03,677.844,45.7613,19.2153,35.0762
8.16253,0.988347,6.47777,7.09051,236.792,5026.22,672.425,45.7232,19.1609,35.0299
8.15804,1.07161,7.40259,7.22434,240.743,5056.92,670.773,45.7517,18.8851,35.2915
8.16101,1.10872,8.08173,8.20697,243.132,5094.96,676.934,45.7872,18.7836,35.3721
8.16151,1.0425,8.52528,8.51715,245.224,5154.77,684.785,45.8493,18.5813,35.5315
8.1563,1.07377,9.03387,8.0298,242.73,5199.49,694.275,45.8542,18.3815,35.809
8.14572,1.15964,9.30002,8.92869,247.888,5208.38,701.729,46.0485,18.1067,35.7515
8.1367,1.16618,9.40126,8.70015,243.507,5256.35,703.247,46.195,17.9795,35.6913
8.13304,1.15996,9.64603,8.08456,239.549,5284.18,698.395,46.2263,17.9397,35.7491
8.13571,1.19075,9.69458,8.04331,241.074,5301.06,691.873,46.2722,17.8433,35.8919
8.12645,1.17468,9.81561,7.45524,237.103,5298.47,685.951,46.3497,17.7167,35.915
8.12397,1.13961,9.76075,7.24321,233.979,5301.6,682.611,46.2649,17.9062,36.0031
8.12224,1.18423,10.8715,7.53199,237.082,5281.81,680.431,46.3587,17.7348,35.8388
8.12422,1.17642,11.4939,7.83331,240.505,5295.4,675.092,46.4103,17.6174,35.8488
8.12712,1.14024,11.8816,8.14236,241.059,5288.51,666.182,46.2089,17.7723,36.0358
8.11773,1.2614,12.1553,8.56358,245.324,5259.28,654.554,45.9395,17.9406,35.8839
8.10551,1.36094,12.7153,8.74061,247.11,5268.64,637.332,45.6065,18.1214,36.0501
8.09677,1.42034,13.0964,8.66604,248.555,5361.98,620.571,45.3178,18.2509,36.2276
8.10464,1.51357,13.0136,9.15263,254.686,5271.22,607.88,45.1089,18.3234,36.0992
8.09092,1.6024,4.29681,3.92423,249.412,5088.43,679.526,48.4915,16.995,34.625
8.08071,1.5217,4.14468,3.64123,246.834,5168.28,694.167,47.9711,17.3816,34.6236
8.09218,1.39696,3.94308,3.4667,242.117,5198.92,703.538,47.3017,17.8824,34.589
8.11005,1.29362,3.76439,3.40207,235.999,5209.21,706.648,46.7939,18.3261,34.5868
8.1283,1.18411,3.59522,3.20681,231.934,5188.38,704.994,46.3373,18.7377,34.4914
8.14012,1.07316,3.55256,3.74265,231.818,5165.08,701.6,46.0517,19.0265,34.456
8.13249,1.06954,3.56033,3.7431,221.51,5155.4,697.981,45.7971,19.3551,34.7326
8.13232,1.06795,3.85171,4.79662,224.982,5143.65,697.065,45.7866,19.3791,34.6286
8.14038,1.07933,4.13727,5.39368,226.745,5139.83,692.728,45.7193,19.445,34.6758
8.15236,1.12246,4.73275,5.51695,230.266,5114.17,685.395,45.4736,19.3796,35.2348
8.15881,1.14757,5.36788,6.47871,232.516,5091.36,680.429,45.4379,19.3515,35.0812
8.16514,1.1255,6.08774,8.20012,239.852,5054.68,674.087,45.4172,19.2469,35.2403
8.16235,1.14393,7.01345,8.58413,240.588,5042.04,673.366,45.4054,19.0757,35.5765
8.16736,1.16393,7.50828,9.03306,243.872,5049.13,678.338,45.4803,18.9135,35.464
8.16584,1.13815,8.08715,10.2118,250.997,5094.26,684.799,45.5511,18.673,35.5871
8.16178,1.15038,8.59641,10.3639,248.18,5163.93,695.486,45.6587,18.4155,35.7335
8.15172,1.19929,8.49502,9.9992,244.815,5202.57,705.425,45.5931,18.3372,35.789
8.14748,1.21572,8.75466,9.76914,247.07,5236.29,704.843,45.6631,18.2617,35.8493
8.1454,1.21734,8.69631,9.35862,240.844,5280.31,703.944,45.7761,18.1839,35.8831
8.13913,1.22525,8.71944,8.85652,244.584,5295.84,697.246,45.8547,18.0507,35.9303
8.13773,1.21388,8.84542,7.96837,238.051,5301.4,693.151,45.9119,17.9378,36.0291
8.13096,1.19914,9.28821,7.8091,236.072,5305.17,690.476,45.8904,17.9531,36.1343
8.12918,1.22839,9.82758,8.15442,241.757,5290.86,687.437,45.9618,17.7804,35.9393
8.13661,1.24376,9.99624,7.82847,237.676,5298.27,682.464,45.8707,17.9043,36.2175
8.13052,1.25211,11.0586,8.39374,241.274,5270.01,669.874,45.7334,18.0279,36.2187
8.12506,1.31577,11.3116,8.80466,243.226,5252.51,657.843,45.5286,18.1291,36.3294
8.11191,1.39378,11.6869,8.85074,244.65,5260.7,645.52,45.257,18.1957,36.317
8.10637,1.45553,12.0703,9.21004,247.041,5346.12,629.63,45.0256,18.325,36.4711
8.12131,1.55116,12.0859,9.60361,251.15,5276.94,618.409,44.801,18.4136,36.5462
8.09391,1.65818,4.18276,3.78498,249.881,5122.13,684.169,48.0668,17.1579,34.7178
8.09497,1.60445,4.03678,3.81922,247.518,5174.6,697.258,47.5689,17.5165,34.8113
8.10306,1.44544,3.8769,3.66006,244.392,5211.66,703.866,47.0795,17.9507,34.6492
8.11969,1.32536,3.61224,3.46,237.137,5197.96,705.201,46.4293,18.4259,34.6535
8.1334,1.21922,3.4978,3.81836,235.908,5193.03,701.986,46.0297,18.7771,34.6598
8.1376,1.13549,3.38154,3.90366,232.054,5177.08,698.405,45.6947,19.1068,34.6213
8.12912,1.10064,3.42539,4.38314,233.024,5166.34,694.489,45.4879,19.3195,34.7767
8.12218,1.09535,3.58564,5.09481,225.656,5153.95,695.138,45.4592,19.4512,34.7839
8.13547,1.12977,3.88132,5.76929,227.975,5142.38,692.346,45.3537,19.5598,35.0125
8.15446,1.19575,4.26812,6.83437,232.68,5122.48,685.771,45.2731,19.5162,35.039
8.16182,1.2571,5.12043,7.21916,235.606,5104.64,679.962,45.2115,19.4335,35.1791
8.16314,1.24647,5.73852,8.76069,238.98,5075.42,675.537,45.1825,19.3005,35.3854
8.16091,1.23641,6.38969,10.0439,244.406,5033.22,674.061,45.1599,19.2097,35.6249
8.16615,1.25387,7.13501,9.89556,246.055,4980.32,678.475,45.1945,19.0025,35.598
8.16807,1.23419,7.50344,11.2315,252.222,5026.72,684.366,45.2466,18.7785,35.8857
8.16545,1.22685,7.74337,11.6242,252.338,5130.2,695.663,45.3196,18.5453,35.9221
8.16176,1.26431,8.04419,11.4274,249.391,5191.94,702.936,45.3339,18.4911,35.8793
8.15692,1.2814,8.01896,10.7706,248.757,5230.4,703.963,45.3631,18.4215,35.9254
8.15574,1.27183,8.0862,10.6718,244.675,5254.01,701.391,45.4324,18.3565,36.1108
8.14595,1.27638,8.2601,10.3779,245.817,5284.67,697.406,45.5489,18.2087,36.0039
8.14581,1.27301,8.02335,8.75366,240.64,5287.93,694.16,45.6037,18.1145,36.073
8.14253,1.26337,8.29344,9.38395,243.336,5297.39,689.845,45.5808,18.1225,36.1991
8.14095,1.28645,8.75019,8.79559,241.529,5294.2,688.255,45.6237,18.0406,36.167
8.14228,1.32413,9.19544,8.22004,238.259,5307.19,683.701,45.5375,18.0567,36.3287
8.13795,1.32062,9.8938,9.04056,243.486,5265.74,671.713,45.4215,18.1698,36.2737
8.13725,1.37041,10.4677,9.2648,245.994,5209.01,660.001,45.338,18.1622,36.4325
8.12286,1.44755,10.8253,9.16069,245.274,5192.32,648.815,45.0745,18.2329,36.4181
8.12154,1.52561,11.267,9.58571,249.078,5237.13,635.665,44.8972,18.3415,36.574
8.13016,1.61129,11.4691,9.97425,253.747,5231.35,626.564,44.6855,18.401,36.6093
8.10416,1.68077,4.07758,3.98047,252.787,5128.58,686.251,47.6304,17.3395,34.8251
8.09961,1.6525,3.89061,3.8714,246.922,5176.3,695.66,47.0949,17.6908,34.9416
8.10645,1.47162,3.75735,3.9432,245.027,5192.84,700.701,46.6444,18.0953,34.8062
8.12705,1.35295,3.49801,3.74764,238.728,5194.82,698.686,46.0839,18.5479,34.8714
8.13935,1.25753,3.34137,4.01059,236.368,5196.34,694.57,45.6493,18.8674,34.8751
8.14166,1.17892,3.27916,4.20514,231.649,5176.44,690.737,45.3326,19.2866,35.0025
8.12975,1.13667,3.14235,4.77433,232.418,5153.63,687.965,45.0954,19.4937,35.0206
8.12537,1.13408,3.36986,5.61591,232.644,5152.53,688.797,45.131,19.5187,35.2676
8.13337,1.1744,3.67661,6.20713,227.85,5154.15,688.616,45.0344,19.6527,35.2266
8.15484,1.26315,4.08846,7.53955,231.078,5132.04,684.881,45.0507,19.585,35.2018
8.16448,1.42,4.55967,8.62039,239.259,5122.98,679.137,45.0155,19.5287,35.2236
8.15859,1.35444,5.40429,9.496,238.186,5086.7,676.693,45.0193,19.3976,35.4508
8.15766,1.32157,6.08388,10.9654,244.967,5024.7,674.811,45.0462,19.2599,35.4176
8.1669,1.35633,6.47335,12.0934,249.398,4890.65,677.728,44.9884,19.1236,35.4514
8.17543,1.31585,6.89665,12.7285,253.047,4980.01,683.872,45.0528,18.9069,35.7067
8.1719,1.2876,7.22263,12.8937,256.445,5112.91,692.57,45.0952,18.6453,35.8948
8.16797,1.32964,7.2328,13.2743,257.308,5189.94,697.565,45.0795,18.6059,35.8175
8.162,1.34919,7.24285,12.7198,251.72,5234.34,699.872,45.1058,18.545,36.087
8.15547,1.31885,7.56923,12.7751,253.955,5257.54,697.271,45.3692,18.3224,35.8996
8.15663,1.33311,7.44305,11.9382,250.882,5261.19,691.411,45.2526,18.3566,36.1637
8.15263,1.34617,7.36275,11.0874,247.212,5257.42,687.369,45.2665,18.3709,36.3376
8.14163,1.31425,7.52815,10.522,247.122,5287.36,686.66,45.3786,18.1503,36.2252
8.14083,1.32735,8.13629,10.1305,247.54,5291.19,682.43,45.3163,18.1184,36.2681
8.14905,1.3662,8.44329,9.64868,245.426,5299.4,677.676,45.3327,18.1794,36.3848
8.15033,1.35837,9.0091,9.80443,247.343,5235.35,670.6,45.3155,18.1392,36.4534
8.14169,1.41538,9.42374,9.61399,246.714,5159.74,660.83,45.1931,18.1712,36.4985
8.14181,1.51957,9.8779,9.89422,250.139,5071.72,650.513,45.0472,18.2102,36.541
8.13443,1.59146,10.4183,10.1933,253.34,5146.4,641.171,44.8044,18.3122,36.586
8.10143,1.57698,3.80242,4.06235,251.046,5174.28,691.009,46.7141,17.8828,34.9826
8.11355,1.46046,3.60038,3.97096,244.511,5178.27,692.577,46.2372,18.2561,34.8824
8.12863,1.3603,3.39876,4.0418,240.006,5185.45,689.625,45.689,18.6456,35.1211
8.14552,1.27548,3.29446,4.71844,240.225,5195.69,683.452,45.2198,19.1144,35.1413
8.14085,1.19957,3.16318,4.96855,236.736,5168.33,679.559,44.9747,19.3286,35.1772
8.13596,1.16023,3.10945,5.49777,234.261,5150.39,679.752,44.746,19.5816,35.3401
8.13497,1.16179,3.23497,6.20933,234.167,5156.79,681.697,44.6259,19.7381,35.3316
8.14419,1.19663,3.66707,7.65129,233.823,5160.46,683.786,44.8393,19.6451,35.2109
8.15404,1.2799,4.1558,8.37967,234.479,5142.03,682.433,44.9167,19.5428,35.1684
8.15673,1.37609,4.3715,9.97462,242.037,5127.9,677.525,44.7462,19.6104,35.3868
8.14713,1.38053,5.26346,11.1309,245.699,5106.47,674.555,44.8422,19.4706,35.3709
8.14941,1.36303,5.88207,11.9851,248.993,5055.94,673.919,44.8667,19.3281,35.4005
8.1608,1.36201,6.10589,13.0086,253.183,4996.84,676.168,44.8506,19.162,35.6078
8.17091,1.33152,6.36054,14.0074,257.324,5025.78,681.36,44.8602,19.0135,35.7211
8.17489,1.30805,6.78512,14.4453,261.206,5114.76,689.107,44.966,18.7855,35.7024
8.17198,1.33497,6.60752,14.3817,260.09,5179.56,692.22,44.8793,18.761,35.9099
8.16863,1.3499,6.46744,14.0919,258.537,5239.72,693.319,44.9734,18.6247,36.0792
8.1623,1.34081,6.804,13.7542,255.525,5265.67,690.722,45.1796,18.4291,36.062
8.15214,1.3578,6.6998,12.8501,254.049,5274,686,45.2256,18.3303,36.1122
8.14958,1.36678,6.44171,12.0602,251.43,5266.16,680.778,45.1929,18.3605,36.2615
8.12934,1.33786,7.02627,11.7939,251.723,5285.28,678.424,45.3013,18.16,36.2802
8.13411,1.3354,7.14028,11.4299,251.215,5278.27,675.384,45.1984,18.1857,36.3052
8.14365,1.34255,7.49664,10.944,250.04,5262.6,670.861,45.2525,18.1318,36.532
8.15015,1.34984,7.97686,10.2323,247.116,5221.98,665.802,45.3258,18.0608,36.5453
8.15016,1.42159,8.43696,10.423,250.556,5145.95,657.425,45.2661,18.029,36.5092
8.15116,1.55643,8.78974,10.2075,250.825,5010.29,650.157,45.0605,18.1744,36.5424
8.14686,1.62713,9.43269,10.3312,252.06,5119.01,644.026,44.8515,18.2232,36.7944
8.10631,1.52267,3.70007,4.20116,249.59,5160.49,683.478,46.3087,18.0553,35.305
8.12057,1.43552,3.49566,3.9869,244.096,5176.89,682.753,45.5713,18.6598,35.4924
8.13507,1.35193,3.35656,4.18355,238.274,5172.74,678.674,45.2155,18.9978,35.367
8.14708,1.2705,3.18769,5.04106,240.708,5165.05,673.829,44.9301,19.2275,35.4152
8.14471,1.19998,3.07582,5.22161,236.048,5137.95,670.952,44.7235,19.4547,35.5302
8.14274,1.1666,3.14705,5.51702,233.028,5131,671.17,44.5389,19.6743,35.4564
8.14149,1.17333,3.37946,6.45205,232.973,5147.1,674.218,44.5583,19.7586,35.5489
8.15082,1.19913,3.60855,8.09195,234.614,5178.23,677.144,44.563,19.7554,35.5831
8.15321,1.2682,4.04384,8.55497,234.651,5162.72,676.613,44.5459,19.7031,35.5028
8.14882,1.34383,4.51558,9.55799,239.139,5132.24,675.253,44.532,19.6948,35.5221
8.14388,1.37617,4.75186,11.5894,244.938,5125.63,672.495,44.5961,19.6101,35.8373
8.14326,1.38047,5.27629,12.3937,248.974,5107.93,672.175,44.7036,19.4184,35.7636
8.15314,1.36874,5.92893,13.5202,251.516,5061.04,674.768,44.6364,19.287,35.9166
8.17346,1.32879,6.05128,14.588,259.231,5068.79,679.725,44.7101,19.0836,35.9855
8.18007,1.29756,5.90913,15.0061,258.991,5118.64,685.544,44.7789,18.9771,35.9739
8.17331,1.33441,6.21289,14.9654,261.817,5179.84,687.506,44.8452,18.7904,35.9864
8.16436,1.35163,6.19991,14.5274,259.65,5250.25,687.481,44.9275,18.7016,35.9889
8.15973,1.34344,5.61192,14.2406,256.811,5302.87,683.828,45.0031,18.5995,36.2619
8.15423,1.36509,6.0321,12.9583,253.365,5299.28,679.28,45.1243,18.4712,36.1765
8.14201,1.36927,5.68916,12.3802,252.071,5289.94,674.471,45.1664,18.3843,36.3029
8.12584,1.34307,6.17084,12.0876,251.404,5298.99,671.015,45.3148,18.1158,36.404
8.12231,1.33602,6.5543,12.099,253.473,5275.34,667.759,45.3144,18.073,36.3346
8.13436,1.33272,6.86764,10.9307,248.629,5246.87,664.13,45.3876,17.9928,36.5196
8.14697,1.31017,7.06235,10.6778,247.272,5220.59,658.293,45.2692,18.0332,36.7712
8.15,1.39489,7.82025,10.4196,248.897,5168.8,653.212,45.3325,17.9262,36.4797
8.14625,1.53411,8.29113,10.2636,248.368,5108.89,648.568,45.1612,18.0194,36.6162
8.14951,1.63186,8.75278,10.3848,249.644,5142.41,644.214,45.0329,18.147,36.8017
8.12206,1.40363,3.24129,4.68208,239.111,5153.61,673.196,44.4616,19.3392,36.26
8.13431,1.34161,3.29952,4.47177,238.861,5132.03,667.378,44.9352,19.1194,35.711
8.14675,1.26351,3.22711,4.91031,238.486,5131.66,662.716,44.6856,19.3675,35.6208
8.14668,1.18028,3.11394,5.66922,236.382,5103.9,660.113,44.4728,19.59,35.7429
8.14727,1.16056,3.11315,6.0872,234.916,5102.81,661.961,44.3672,19.7748,35.5982
8.14841,1.18079,3.39969,7.12978,234.176,5128.79,665.365,44.4198,19.8152,35.6279
8.15465,1.20642,3.67963,8.34791,236.15,5167.09,669.768,44.3876,19.8104,35.8746
8.15492,1.26438,3.99949,9.32395,236.274,5157.7,671.28,44.4518,19.7702,35.8208
8.14324,1.32943,4.58959,10.8692,244.856,5133.56,670.624,44.5608,19.5993,35.6177
8.13299,1.37527,4.7818,12.0408,246.64,5153.41,670.402,44.5547,19.639,35.925
8.13198,1.40041,5.13165,13.2189,249.96,5168.54,670.823,44.5662,19.5322,35.9566
8.15369,1.3947,5.52668,14.2487,257.743,5101.75,673.269,44.7042,19.3435,35.6945
8.1734,1.34486,5.92563,15.368,262.638,5089.51,677.695,44.7752,19.0817,35.7905
8.18544,1.2593,5.55076,15.606,260.719,5107.49,681.008,44.7869,19.0672,36.0524
8.16952,1.36411,6.10916,15.6977,264.969,5175.81,682.147,44.861,18.7785,36.077
8.16273,1.38382,5.74692,15.7632,266.051,5254.55,681.014,45.014,18.6525,36.0636
8.15835,1.31719,5.15352,15.4651,262.687,5412.14,677.464,45.0615,18.5803,36.3332
8.14807,1.39498,5.43843,13.8838,256.33,5311.72,672.533,45.2171,18.4361,36.3027
8.13271,1.39612,5.55948,13.7582,255.158,5306.93,668.38,45.3835,18.1893,36.2194
8.11573,1.33749,5.41033,13.3706,256.744,5321.05,662.575,45.4001,18.0686,36.4384
8.11528,1.34679,6.00306,12.6448,255.43,5277.89,659.3,45.5001,17.9415,36.3322
8.12947,1.34912,6.28987,11.5912,251.713,5231.01,655.578,45.5679,17.8759,36.5817
8.14209,1.30236,6.61681,11.442,252.148,5214.75,650.963,45.5244,17.8129,36.6256
8.14622,1.39956,7.0477,11.6256,255.476,5189.74,646.278,45.5018,17.7931,36.6681
8.151,1.54432,7.81287,11.111,255.651,5169.34,644.599,45.3912,17.8396,36.6084
8.13318,1.34268,3.39108,4.76634,238.468,5120,656.692,44.7905,19.2778,35.8986
8.14359,1.26963,3.31477,5.56779,236.862,5109.17,653.828,44.5902,19.515,35.6385
8.15319,1.17215,3.3015,6.38086,238.733,5076.48,652.404,44.4716,19.6926,35.5854
8.15004,1.16539,3.49829,6.40699,237.054,5078.93,653.802,44.1988,19.8705,35.8619
8.14708,1.19232,3.6508,7.65048,235.082,5102.22,658.368,44.2944,19.8756,35.6999
8.15083,1.22518,3.97326,8.99614,239.304,5121.65,662.83,44.3369,19.8337,35.9184
8.14785,1.27461,4.42349,9.74623,238.878,5136.13,667.065,44.4807,19.7208,35.7366
8.14401,1.32836,4.79479,10.4736,241.978,5120.66,668.181,44.5368,19.6421,35.7519
8.13105,1.3812,5.16964,12.9981,251.624,5143.93,667.987,44.6548,19.5367,35.7115
8.12885,1.4291,5.47096,14.0074,255.053,5148,670.916,44.6838,19.4428,35.9187
8.14669,1.4475,5.75878,14.8084,257.169,5103.79,673.951,44.7163,19.3387,35.9341
8.16225,1.42487,5.90921,16.1266,264.402,5088.96,676.058,44.87,19.1129,35.9879
8.17064,1.40301,5.90167,16.5465,267.441,5114.36,677.833,44.98,18.9401,35.9984
8.16008,1.45369,5.83607,16.4601,265.374,5164.85,679.061,45.042,18.8512,36.0423
8.15628,1.47239,5.64828,16.6194,266.651,5227.03,677.231,45.2643,18.6047,35.9712
8.14641,1.45773,5.60242,15.9049,263.732,5298.7,673.143,45.4718,18.3345,36.31
8.13567,1.47823,5.36432,14.9786,261.23,5288.02,666.15,45.5427,18.2044,36.2084
8.12235,1.46746,5.35734,13.8153,258.596,5285.33,660.897,45.5914,18.0234,36.3133
8.10967,1.40225,5.37216,13.6212,257.269,5308.49,656.185,45.7498,17.8422,36.3793
8.11062,1.39825,5.62462,13.2253,256.936,5260.31,652.39,45.7614,17.7262,36.411
8.11932,1.40477,5.92261,12.9453,255.492,5212.27,647.608,45.8704,17.5986,36.5851
8.13554,1.41912,6.43535,12.0758,255.817,5198.31,643.741,45.832,17.6047,36.6183
8.14101,1.49151,6.89139,12.0568,256.73,5189.17,640.964,45.7996,17.5724,36.7272
8.14462,1.29262,3.4154,6.13472,235.639,5097.12,648.001,44.3583,19.7705,35.921
8.15758,1.22824,3.48011,6.84737,240.551,5084.73,647.822,44.4324,19.7729,35.6494
8.14819,1.19873,3.3969,7.03653,235.716,5069.25,649.835,44.2158,19.9548,35.7309
8.13952,1.20513,4.01834,8.66685,240.242,5072.3,654.297,44.1013,19.9388,35.8848
8.14757,1.24271,4.20924,9.27392,235.981,5106.14,658.316,44.3031,19.8771,35.8746
8.14637,1.28435,4.7517,10.0048,239.346,5105.18,663.226,44.4508,19.7355,35.7534
8.14169,1.32731,5.14549,12.1768,247.698,5095.33,666.346,44.5856,19.5493,35.8132
8.13226,1.38889,5.57178,13.7614,254.42,5100.68,667.749,44.7255,19.4397,35.7595
8.12941,1.4633,5.84806,14.5985,255.716,5103.79,669.318,44.7271,19.441,35.9473
8.14013,1.51705,6.08408,15.6585,262.563,5067.07,673.317,44.8871,19.2336,35.8184
8.15351,1.52068,6.25205,16.7535,267.381,5086.39,675.316,44.9907,19.0716,35.9267
8.15579,1.52251,6.30855,17.3857,271.275,5115.35,676.381,45.1725,18.8757,35.9313
8.15115,1.56495,6.1635,17.1515,271.397,5160.42,675.893,45.3153,18.7087,35.9032
8.14368,1.58077,6.0637,17.2568,270.819,5214.91,674.168,45.5205,18.4578,35.9336
8.14215,1.57162,5.81355,17.0243,266.567,5253.36,669.352,45.7373,18.2347,36.0119
8.1309,1.58208,5.71055,16.4134,268.204,5251.37,663.617,45.818,18.0151,36.1211
8.11594,1.56626,5.47812,14.9895,263.673,5257.84,656.665,45.8706,17.8219,36.2346
8.10722,1.50583,5.47714,14.7703,261.499,5253.4,651.103,46.0176,17.6757,36.3197
8.11073,1.47039,5.64373,14.2354,263.842,5232.89,646.373,46.0649,17.5342,36.2065
8.11797,1.46643,5.78075,13.7493,263.927,5182.71,643.111,46.2616,17.3447,36.3684
8.12508,1.50967,6.34961,12.4428,257.03,5192.05,639.068,46.1356,17.3335,36.6542
8.15128,1.28078,3.99493,6.59987,231.154,5085.08,645.034,44.25,19.9672,35.9198
8.13974,1.24699,4.13287,7.99626,241.545,5069.21,647.432,44.1807,19.9578,35.7885
8.1331,1.23537,4.3371,9.05915,243.198,5060.25,651.193,44.1142,20.0078,35.8268
8.13296,1.26959,4.73493,9.26907,237.899,5096.93,655.118,44.3177,19.8935,35.7596
8.14425,1.2982,5.17659,10.3172,240.219,5081.38,660.727,44.4215,19.7502,35.8356
8.14207,1.31719,5.59115,12.4987,250.541,5022.91,663.334,44.5765,19.5818,35.7862
8.13499,1.3968,6.01343,13.8905,255.63,5078.04,667.123,44.7618,19.4097,35.776
8.13689,1.49849,6.31764,14.688,256.764,5080.94,670.753,44.8753,19.3417,35.8452
8.13303,1.61793,6.58529,16.2463,265.754,5017.72,672.962,45.0463,19.1329,35.8319
8.14409,1.61641,6.81605,17.2381,272.79,5055.74,673.987,45.2689,18.8767,35.8592
8.1457,1.62251,6.75147,17.67,272.419,5133.59,674.878,45.3729,18.785,35.8768
8.13754,1.69356,6.58327,17.8859,275.536,5168.55,674.547,45.6022,18.5125,35.8498
8.13565,1.70026,6.41288,17.6773,274.025,5195.6,671.352,45.7747,18.2918,35.9728
8.1356,1.67622,6.24155,17.5486,271.243,5200.47,665.288,46.0775,17.9714,35.9899
8.12485,1.71129,5.99401,16.6502,268.789,5210.42,659.59,46.1161,17.8268,36.0629
8.11491,1.70151,5.85119,16.1328,270.486,5211.06,653.126,46.1811,17.6571,36.0752
8.11098,1.60666,5.51371,14.9389,264.012,5217.96,647.822,46.2607,17.4457,36.2471
8.10697,1.55272,5.82142,15.0826,271.157,5203.75,642.617,46.4834,17.2616,36.2151
8.1143,1.53382,5.96969,14.3671,269.152,5145.51,639.166,46.5394,17.1281,36.3179
8.13403,1.29073,4.36326,7.96268,231.717,5077,647.276,44.1603,20.0652,35.7176
8.12846,1.28865,4.75588,8.48805,239.747,5096.8,650.743,44.0657,20.0872,35.7924
8.13032,1.30517,5.1929,9.93816,246.061,5111.97,654.737,44.2993,19.9386,35.8199
8.14203,1.3213,5.57992,10.5502,242.504,5093.19,659.406,44.4029,19.8051,35.837
8.14558,1.33566,6.05261,12.8334,253.847,5044.82,662.942,44.6045,19.618,35.6503
8.13499,1.40809,6.44633,13.8719,255.473,5091.5,666.244,44.7858,19.4498,35.7316
8.1345,1.51047,6.77843,14.8542,259.282,5102.27,669.653,44.9152,19.3408,35.8522
8.13041,1.61698,6.95646,15.9477,263.554,5052.82,673.111,45.1382,19.0537,35.8139
8.13656,1.6488,7.1823,17.1138,270.901,5064.89,673.856,45.3069,18.8728,35.8792
8.13782,1.66925,7.22735,17.9505,277.697,5127.51,673.261,45.616,18.6324,35.7678
8.1304,1.72394,6.98801,17.6367,274.104,5150.94,672.077,45.7613,18.3832,35.9148
8.12966,1.73565,6.84771,17.349,274.169,5157.09,667.466,45.9781,18.1183,36.1107
8.1238,1.72876,6.48381,17.6538,276.504,5166.13,662.051,46.3192,17.8079,35.987
8.12227,1.78488,6.2748,17.0435,273.764,5185.33,656.574,46.4027,17.6317,36.0372
8.11346,1.78933,6.11383,15.5087,269.985,5195.3,651.256,46.4334,17.4679,36.0934
8.11098,1.6711,5.72894,15.2223,265.52,5208.67,646.255,46.5234,17.2534,36.2339
8.10282,1.6222,6.01351,15.0294,273.224,5185.08,641.256,46.6434,17.0669,36.2871
8.12392,1.35243,5.5864,9.77708,240.665,5143.62,656.295,44.1362,20.1091,35.7929
8.13431,1.35673,5.97736,11.4469,246.447,5136.68,660.232,44.3968,19.8721,35.7933
8.14018,1.37286,6.51201,12.7886,253.672,5131.22,662.919,44.588,19.6824,35.6201
8.13689,1.41976,6.9695,13.9114,256.751,5150.73,665.929,44.7663,19.5104,35.6344
8.13097,1.50626,7.23536,14.8071,257.616,5147.25,669.345,44.9726,19.3096,35.787
8.12982,1.59254,7.49748,16.1219,265.82,5101.4,671.418,45.2083,19.0901,35.7513
8.12731,1.6515,7.62928,16.5839,267.643,5089.77,671.882,45.4783,18.8296,35.7105
8.12452,1.68718,7.54043,17.0982,268.14,5115.93,670.383,45.7422,18.6136,35.8972
8.12876,1.7138,7.36064,17.4944,272.237,5108.6,667.419,46.0365,18.2963,35.842
8.13052,1.72753,7.15169,17.1951,274.982,5112.04,663.166,46.2891,17.9801,35.8966
8.12781,1.7388,6.8835,16.6057,271.249,5143.75,658.741,46.5108,17.7125,36.1955
8.11963,1.76844,6.53283,16.9675,273.862,5171.22,654.899,46.7236,17.4166,36.0425
8.1079,1.76195,6.3561,16.2603,272.049,5202.67,650.91,46.7528,17.2382,36.0764
8.13196,1.41572,7.39177,13.3039,252.899,5246.39,666.24,44.8222,19.5496,35.7041
8.12558,1.49551,7.66868,14.4172,256.376,5206.09,668.155,45.084,19.29,35.7247
8.12785,1.57764,7.90341,15.712,259.964,5135.89,669.156,45.3019,19.0901,35.7766
8.12128,1.65369,8.08263,16.2891,265.398,5098.25,668.639,45.647,18.7582,35.6829
8.12248,1.68944,7.88602,16.4656,263.839,5098.92,665.978,45.9331,18.4921,35.9362
8.12604,1.6997,7.64579,16.9683,269.813,5101.09,662.639,46.203,18.2535,35.8749
8.12718,1.70967,7.58425,16.9732,272.652,5066.68,659.107,46.5518,17.8168,35.8889
