OBJECTID_1,POINT_X,POINT_Y,Bare_SAVI,Bare_NDVI,BARE_GNDVI,Bare_OSAVI
1,-104.999231,40.666937,0.109159,0.152498,0.261996,0.13098
2,-104.999113,40.666937,0.110408,0.15282,0.260829,0.13186
3,-104.998994,40.666937,0.108471,0.149573,0.262911,0.129299
4,-104.998876,40.666937,0.112796,0.156439,0.266446,0.134849
5,-104.998758,40.666937,0.109234,0.153201,0.264279,0.131328
6,-104.998639,40.666937,0.113005,0.15897,0.275037,0.136068
7,-104.998521,40.666937,0.122189,0.173442,0.285502,0.14779
8,-104.998403,40.666937,0.123003,0.175399,0.295831,0.149115
9,-104.998284,40.666937,0.127097,0.180625,0.294293,0.153819
10,-104.998166,40.666937,0.125506,0.17888,0.284085,0.152112
11,-104.998048,40.666937,0.124204,0.176471,0.294176,0.150299
12,-104.99793,40.666937,0.133752,0.190541,0.301193,0.162067
13,-104.997811,40.666937,0.135026,0.19287,0.302395,0.163829
14,-104.997693,40.666937,0.134266,0.192114,0.30065,0.163046
15,-104.997575,40.666937,0.139513,0.199816,0.307962,0.169499
16,-104.997456,40.666937,0.140976,0.202211,0.318182,0.171404
17,-104.997338,40.666937,0.1339,0.193113,0.314198,0.163242
18,-104.99722,40.666937,0.145559,0.211095,0.330579,0.177943
19,-104.997101,40.666937,0.156026,0.227553,0.343734,0.19127
20,-104.996983,40.666937,0.151148,0.222169,0.336143,0.186003
21,-104.999349,40.666847,0.080105,0.112088,0.228752,0.096195
22,-104.999231,40.666847,0.067738,0.095091,0.21611,0.081477
23,-104.999113,40.666847,0.065217,0.091552,0.213373,0.078445
24,-104.998994,40.666847,0.069395,0.097058,0.228122,0.083315
25,-104.998876,40.666847,0.074276,0.104148,0.22467,0.089289
26,-104.998758,40.666847,0.073209,0.103448,0.224044,0.088348
27,-104.998639,40.666847,0.073959,0.105721,0.228891,0.089769
28,-104.998521,40.666847,0.072847,0.105485,0.231332,0.088987
29,-104.998403,40.666847,0.078193,0.114068,0.245484,0.095868
30,-104.998285,40.666847,0.080834,0.117983,0.245363,0.099132
31,-104.998166,40.666847,0.083763,0.120594,0.244719,0.10203
32,-104.998048,40.666847,0.080673,0.115828,0.245108,0.098133
33,-104.99793,40.666847,0.08328,0.11963,0.238631,0.101329
34,-104.997811,40.666847,0.079355,0.114419,0.239524,0.096732
35,-104.997693,40.666847,0.077413,0.112154,0.244748,0.094589
36,-104.997575,40.666847,0.083912,0.122159,0.242138,0.102775
37,-104.997456,40.666847,0.08045,0.116761,0.249737,0.098386
38,-104.997338,40.666847,0.07881,0.11491,0.255615,0.0966
39,-104.99722,40.666847,0.082822,0.122093,0.257329,0.102067
40,-104.997101,40.666847,0.082011,0.121807,0.263973,0.101439
41,-104.996983,40.666847,0.082498,0.124058,0.268707,0.102659
42,-104.996865,40.666847,0.089258,0.134373,0.269144,0.11113
43,-104.999349,40.666757,0.067688,0.096451,0.21533,0.082028
44,-104.999231,40.666757,0.066204,0.093003,0.211586,0.07966
45,-104.999113,40.666757,0.063487,0.089373,0.207491,0.076471
46,-104.998994,40.666757,0.067494,0.094858,0.223378,0.08123
47,-104.998876,40.666757,0.071911,0.101566,0.217004,0.086761
48,-104.998758,40.666757,0.074568,0.106539,0.22284,0.090485
49,-104.998639,40.666757,0.08038,0.116541,0.245283,0.098251
50,-104.998521,40.666757,0.079051,0.116257,0.248112,0.097306
51,-104.998403,40.666757,0.077394,0.11379,0.253391,0.095254
52,-104.998285,40.666757,0.080433,0.118415,0.244755,0.099059
53,-104.998166,40.666757,0.078196,0.113519,0.237696,0.095641
54,-104.998048,40.666757,0.076435,0.110181,0.244398,0.093162
55,-104.99793,40.666757,0.078574,0.113068,0.247144,0.095686
56,-104.997811,40.666757,0.079794,0.114709,0.242268,0.097124
57,-104.997693,40.666757,0.078373,0.112442,0.247545,0.0953
58,-104.997575,40.666757,0.077692,0.111937,0.240415,0.09467
59,-104.997456,40.666757,0.083243,0.120601,0.250917,0.101713
60,-104.997338,40.666757,0.082375,0.120076,0.254652,0.100956
61,-104.99722,40.666757,0.080258,0.117845,0.251481,0.098715
62,-104.997101,40.666757,0.079398,0.117389,0.261132,0.097988
63,-104.996983,40.666757,0.081045,0.121032,0.264689,0.100511
64,-104.996865,40.666757,0.087725,0.131698,0.266816,0.109074
65,-104.996746,40.666757,0.088829,0.134831,0.271895,0.111037
66,-104.999468,40.666667,0.08159,0.114035,0.215311,0.097922
67,-104.999349,40.666667,0.071031,0.101984,0.224615,0.086404
68,-104.999231,40.666667,0.067545,0.096014,0.213033,0.081755
69,-104.999113,40.666667,0.060738,0.086152,0.210659,0.073437
70,-104.998994,40.666667,0.068457,0.097241,0.214214,0.08283
71,-104.998876,40.666667,0.070064,0.099548,0.219267,0.084784
72,-104.998758,40.666667,0.071673,0.102907,0.225641,0.087186
73,-104.998639,40.666667,0.079773,0.116858,0.246392,0.098006
74,-104.998521,40.666667,0.079087,0.118173,0.251111,0.098109
75,-104.998403,40.666667,0.074733,0.112224,0.257078,0.092933
76,-104.998285,40.666667,0.078423,0.11718,0.25139,0.097285
77,-104.998166,40.666667,0.072777,0.107543,0.24168,0.089793
78,-104.998048,40.666667,0.077744,0.113767,0.24866,0.095463
79,-104.99793,40.666667,0.074708,0.108593,0.241671,0.091432
80,-104.997811,40.666667,0.074418,0.107678,0.236155,0.090872
81,-104.997693,40.666667,0.079186,0.114433,0.249869,0.096634
82,-104.997575,40.666667,0.076227,0.110075,0.244119,0.092989
83,-104.997456,40.666667,0.073345,0.106503,0.244303,0.089719
84,-104.997338,40.666667,0.075244,0.109739,0.247197,0.092241
85,-104.99722,40.666667,0.073394,0.107796,0.247021,0.090285
86,-104.997101,40.666667,0.076204,0.112848,0.254405,0.09412
87,-104.996983,40.666667,0.08,0.12,0.261972,0.099429
88,-104.996865,40.666667,0.077748,0.117409,0.250283,0.096945
89,-104.996746,40.666667,0.075287,0.114771,0.252747,0.094306
90,-104.996628,40.666667,0.075627,0.115965,0.263096,0.094998
91,-104.999586,40.666577,0.065654,0.091868,0.208759,0.078842
92,-104.999468,40.666577,0.07063,0.101813,0.214139,0.086086
93,-104.999349,40.666577,0.067655,0.097403,0.208993,0.082409
94,-104.999231,40.666577,0.06661,0.095238,0.206862,0.080858
95,-104.999113,40.666577,0.060587,0.086207,0.210926,0.073369
96,-104.998994,40.666577,0.067365,0.096507,0.210553,0.081855
97,-104.998876,40.666577,0.06824,0.098148,0.206511,0.083081
98,-104.998758,40.666577,0.067135,0.097412,0.217119,0.082092
99,-104.998639,40.666577,0.073642,0.108017,0.235546,0.090531
100,-104.998521,40.666577,0.081698,0.121376,0.253158,0.101065
101,-104.998403,40.666577,0.080955,0.121976,0.254085,0.100833
102,-104.998285,40.666577,0.08172,0.124614,0.258065,0.102378
103,-104.998166,40.666577,0.081562,0.123413,0.261117,0.101798
104,-104.998048,40.666577,0.078878,0.11687,0.257017,0.097448
105,-104.99793,40.666577,0.077535,0.113669,0.245708,0.095293
106,-104.997811,40.666577,0.071802,0.104962,0.234542,0.088122
107,-104.997693,40.666577,0.074935,0.109316,0.238196,0.091873
108,-104.997575,40.666577,0.070871,0.103122,0.237135,0.086781
109,-104.997456,40.666577,0.075929,0.110794,0.239257,0.093104
110,-104.997338,40.666577,0.07531,0.109948,0.244397,0.092368
111,-104.99722,40.666577,0.071148,0.104578,0.240931,0.087555
112,-104.997101,40.666577,0.075511,0.111762,0.245489,0.09324
113,-104.996983,40.666577,0.078807,0.117852,0.247503,0.097801
114,-104.996865,40.666577,0.076339,0.115152,0.253121,0.095137
115,-104.996746,40.666577,0.07275,0.111226,0.25614,0.091255
116,-104.996628,40.666577,0.07619,0.117277,0.258997,0.095882
117,-104.99651,40.666577,0.079127,0.122234,0.255156,0.099748
118,-104.999586,40.666487,0.063562,0.091671,0.209902,0.077491
119,-104.999468,40.666487,0.06429,0.09286,0.209086,0.078437
120,-104.999349,40.666487,0.064235,0.092687,0.209278,0.078331
121,-104.999231,40.666487,0.058918,0.084761,0.204113,0.07174
122,-104.999113,40.666487,0.061697,0.088561,0.207161,0.07504
123,-104.998994,40.666487,0.067394,0.096596,0.2077,0.08191
124,-104.998876,40.666487,0.065301,0.093851,0.208993,0.079474
125,-104.998758,40.666487,0.064169,0.093587,0.219926,0.078664
126,-104.998639,40.666487,0.074951,0.109938,0.245019,0.09214
127,-104.998521,40.666487,0.079363,0.117275,0.251226,0.097919
128,-104.998403,40.666487,0.081601,0.121662,0.250276,0.10112
129,-104.998285,40.666487,0.07937,0.119757,0.259807,0.098928
130,-104.998166,40.666487,0.08415,0.126506,0.265651,0.104699
131,-104.998048,40.666487,0.072829,0.109548,0.248163,0.090638
132,-104.99793,40.666487,0.077279,0.114594,0.249863,0.09551
133,-104.997811,40.666487,0.07587,0.111756,0.241491,0.093464
134,-104.997693,40.666487,0.073717,0.108844,0.233514,0.090917
135,-104.997575,40.666487,0.072803,0.10704,0.239072,0.089603
136,-104.997456,40.666487,0.075279,0.111003,0.239589,0.092784
137,-104.997338,40.666487,0.070866,0.104247,0.234754,0.087242
138,-104.99722,40.666487,0.073997,0.10917,0.231018,0.091227
139,-104.997101,40.666487,0.072122,0.107178,0.237363,0.089231
140,-104.996983,40.666487,0.07365,0.110445,0.247614,0.091524
141,-104.996865,40.666487,0.070723,0.107472,0.245826,0.088453
142,-104.996746,40.666487,0.07078,0.109015,0.248378,0.089099
143,-104.996628,40.666487,0.076687,0.118359,0.257244,0.096631
144,-104.99651,40.666487,0.077221,0.119577,0.255042,0.097457
145,-104.999704,40.666397,0.06075,0.087768,0.20538,0.074126
146,-104.999586,40.666397,0.064736,0.094268,0.210058,0.079299
147,-104.999468,40.666397,0.058849,0.086207,0.210245,0.072299
148,-104.999349,40.666397,0.066377,0.096682,0.217254,0.08132
149,-104.999231,40.666397,0.061617,0.089957,0.203996,0.075574
150,-104.999113,40.666397,0.066091,0.095775,0.217527,0.080765
151,-104.998994,40.666397,0.067754,0.09826,0.219207,0.082829
152,-104.998876,40.666397,0.069351,0.101092,0.218487,0.084995
153,-104.998758,40.666397,0.073058,0.107872,0.231102,0.090105
154,-104.998639,40.666397,0.075966,0.113886,0.247204,0.09439
155,-104.998521,40.666397,0.07671,0.114527,0.25167,0.095122
156,-104.998403,40.666397,0.079713,0.118428,0.251925,0.09861
157,-104.998285,40.666397,0.081395,0.121588,0.257652,0.100959
158,-104.998166,40.666397,0.07688,0.115097,0.25308,0.095461
159,-104.998048,40.666397,0.081287,0.121227,0.255402,0.100744
160,-104.99793,40.666397,0.078598,0.117153,0.246553,0.097386
161,-104.997811,40.666397,0.076294,0.113749,0.239406,0.094543
162,-104.997693,40.666397,0.076889,0.114511,0.25097,0.09523
163,-104.997575,40.666397,0.071334,0.106383,0.240155,0.088408
164,-104.997456,40.666397,0.074454,0.110674,0.247514,0.092128
165,-104.997338,40.666397,0.07165,0.106825,0.236464,0.088788
166,-104.99722,40.666397,0.070798,0.105211,0.231106,0.087594
167,-104.997101,40.666397,0.072777,0.107543,0.24168,0.089793
168,-104.996983,40.666397,0.078947,0.117705,0.248619,0.097831
169,-104.996865,40.666397,0.076294,0.115639,0.248575,0.095302
170,-104.996746,40.666397,0.07619,0.117277,0.248683,0.095882
171,-104.996628,40.666397,0.081136,0.125263,0.258387,0.102252
172,-104.99651,40.666397,0.08122,0.126265,0.258333,0.102697
173,-104.996392,40.666397,0.08123,0.127018,0.256149,0.102995
174,-104.999704,40.666307,0.060494,0.088068,0.205666,0.074093
175,-104.999586,40.666307,0.068627,0.100478,0.215645,0.084291
176,-104.999468,40.666307,0.059241,0.086894,0.208111,0.072827
177,-104.999349,40.666307,0.066325,0.097083,0.209916,0.081453
178,-104.999231,40.666307,0.06339,0.093372,0.20085,0.078089
179,-104.999113,40.666307,0.064647,0.095123,0.214783,0.079596
180,-104.998994,40.666307,0.074426,0.109398,0.234316,0.09159
181,-104.998876,40.666307,0.075463,0.112205,0.232951,0.09339
182,-104.998758,40.666307,0.081369,0.122122,0.244173,0.101158
183,-104.998639,40.666307,0.080927,0.122522,0.250283,0.101034
184,-104.998521,40.666307,0.081354,0.123344,0.257273,0.101636
185,-104.998403,40.666307,0.081903,0.123301,0.251823,0.101973
186,-104.998285,40.666307,0.087684,0.13219,0.255736,0.109245
187,-104.998166,40.666307,0.073268,0.10978,0.250141,0.091013
188,-104.998048,40.666307,0.076778,0.114754,0.250836,0.095258
189,-104.99793,40.666307,0.078281,0.117324,0.249581,0.097253
190,-104.997811,40.666307,0.074449,0.111892,0.238681,0.092617
191,-104.997693,40.666307,0.076812,0.114868,0.250418,0.095326
192,-104.997575,40.666307,0.073759,0.111449,0.245176,0.091997
193,-104.997456,40.666307,0.079335,0.119637,0.258797,0.098857
194,-104.997338,40.666307,0.072067,0.108861,0.243612,0.089874
195,-104.99722,40.666307,0.069303,0.103896,0.23671,0.08611
196,-104.997101,40.666307,0.078878,0.11687,0.247406,0.097448
197,-104.996983,40.666307,0.077306,0.115289,0.241189,0.09581
198,-104.996865,40.666307,0.071652,0.108081,0.24447,0.089295
199,-104.996746,40.666307,0.078484,0.119959,0.259302,0.098435
200,-104.996628,40.666307,0.080711,0.125133,0.259347,0.101921
201,-104.99651,40.666307,0.071165,0.111835,0.252599,0.090447
202,-104.996392,40.666307,0.073145,0.11549,0.254926,0.093171
203,-104.999704,40.666216,0.06408,0.09387,0.210387,0.078726
204,-104.999586,40.666216,0.061983,0.090562,0.208663,0.076052
205,-104.999468,40.666216,0.064849,0.094627,0.207765,0.079518
206,-104.999349,40.666216,0.061071,0.089345,0.206349,0.074981
207,-104.999231,40.666216,0.065332,0.096182,0.208955,0.08046
208,-104.999113,40.666216,0.071148,0.104578,0.219798,0.087555
209,-104.998994,40.666216,0.07587,0.111756,0.22822,0.093464
210,-104.998876,40.666216,0.075711,0.11242,0.232862,0.093634
211,-104.998758,40.666216,0.075364,0.111874,0.237575,0.093192
212,-104.998639,40.666216,0.076686,0.113837,0.241115,0.094827
213,-104.998521,40.666216,0.081903,0.123301,0.259594,0.101973
214,-104.998403,40.666216,0.083445,0.12666,0.262736,0.104307
215,-104.998285,40.666216,0.079477,0.120122,0.252834,0.099142
216,-104.998166,40.666216,0.075683,0.113557,0.251265,0.094076
217,-104.998048,40.666216,0.075717,0.113671,0.249438,0.094144
218,-104.99793,40.666216,0.081126,0.121927,0.254066,0.100924
219,-104.997811,40.666216,0.075501,0.113568,0.247046,0.093964
220,-104.997693,40.666216,0.076123,0.115053,0.248581,0.094959
221,-104.997575,40.666216,0.074224,0.113052,0.244828,0.092935
222,-104.997456,40.666216,0.07377,0.112135,0.253318,0.092278
223,-104.997338,40.666216,0.078698,0.120041,0.257374,0.098606
224,-104.99722,40.666216,0.080616,0.122753,0.250572,0.100925
225,-104.997101,40.666216,0.076316,0.114443,0.247902,0.094838
226,-104.996983,40.666216,0.069457,0.104418,0.24364,0.086418
227,-104.996865,40.666216,0.07037,0.106905,0.237986,0.088
228,-104.996747,40.666216,0.071364,0.109718,0.247211,0.089757
229,-104.996628,40.666216,0.073129,0.113965,0.25045,0.092574
230,-104.99651,40.666216,0.073145,0.11549,0.251074,0.093171
231,-104.996392,40.666216,0.07467,0.118197,0.251692,0.095227
232,-104.999823,40.666126,0.072955,0.106954,0.238862,0.089664
233,-104.999704,40.666126,0.067145,0.098002,0.226355,0.082343
234,-104.999586,40.666126,0.066234,0.096226,0.226385,0.081041
235,-104.999468,40.666126,0.066999,0.097538,0.214885,0.08206
236,-104.999349,40.666126,0.060339,0.088137,0.207827,0.074026
237,-104.999231,40.666126,0.0622,0.091258,0.211733,0.076475
238,-104.999113,40.666126,0.065474,0.096061,0.209327,0.0805
239,-104.998994,40.666126,0.062146,0.091083,0.206147,0.076369
240,-104.998876,40.666126,0.065189,0.095719,0.211058,0.080181
241,-104.998758,40.666126,0.071056,0.103711,0.215296,0.08714
242,-104.998639,40.666126,0.070841,0.103025,0.226484,0.086722
243,-104.998521,40.666126,0.066528,0.097737,0.225806,0.081849
244,-104.998403,40.666126,0.07452,0.110892,0.237781,0.092259
245,-104.998285,40.666126,0.07288,0.108481,0.24474,0.09024
246,-104.998166,40.666126,0.072905,0.107963,0.246154,0.090046
247,-104.998048,40.666126,0.076361,0.113974,0.244051,0.094677
248,-104.99793,40.666126,0.078562,0.117647,0.242105,0.097562
249,-104.997811,40.666126,0.077931,0.116766,0.247492,0.096805
250,-104.997693,40.666126,0.079195,0.119797,0.247738,0.09883
251,-104.997575,40.666126,0.073342,0.110662,0.254566,0.091414
252,-104.997456,40.666126,0.074411,0.113043,0.254179,0.093053
253,-104.997338,40.666126,0.079378,0.122438,0.25721,0.099993
254,-104.99722,40.666126,0.0812,0.124804,0.257443,0.102114
255,-104.997101,40.666126,0.071973,0.109184,0.24016,0.089942
256,-104.996983,40.666126,0.071844,0.10874,0.233465,0.089682
257,-104.996865,40.666126,0.072456,0.1102,0.233485,0.090658
258,-104.996747,40.666126,0.07336,0.112029,0.23722,0.091969
259,-104.996628,40.666126,0.069672,0.107822,0.239503,0.087905
260,-104.99651,40.666126,0.071592,0.111229,0.238434,0.090496
261,-104.996392,40.666126,0.074983,0.116427,0.252983,0.094756
262,-104.999823,40.666036,0.075132,0.111111,0.252059,0.092735
263,-104.999704,40.666036,0.072364,0.106199,0.242981,0.088983
264,-104.999586,40.666036,0.06778,0.099471,0.232095,0.083346
265,-104.999468,40.666036,0.06658,0.097328,0.219512,0.081713
266,-104.999349,40.666036,0.067203,0.098189,0.217116,0.082457
267,-104.999231,40.666036,0.066186,0.097209,0.216,0.081418
268,-104.999113,40.666036,0.064765,0.094358,0.210278,0.079354
269,-104.998994,40.666036,0.062473,0.090995,0.207765,0.076536
270,-104.998876,40.666036,0.067662,0.09909,0.209057,0.083115
271,-104.998758,40.666036,0.069231,0.100709,0.2125,0.084762
272,-104.998639,40.666036,0.066429,0.096289,0.22135,0.081188
273,-104.998521,40.666036,0.067281,0.097872,0.225977,0.082374
274,-104.998403,40.666036,0.071833,0.105062,0.222398,0.088182
275,-104.998285,40.666036,0.075244,0.109739,0.2386,0.092241
276,-104.998166,40.666036,0.064961,0.09556,0.228355,0.079972
277,-104.998048,40.666036,0.073179,0.107677,0.24,0.090101
278,-104.99793,40.666036,0.074407,0.109922,0.241567,0.091793
279,-104.997811,40.666036,0.074356,0.110348,0.23919,0.091934
280,-104.997693,40.666036,0.072128,0.108434,0.245347,0.089742
281,-104.997575,40.666036,0.070461,0.107884,0.253521,0.088446
282,-104.997456,40.666036,0.073973,0.114894,0.240237,0.093493
283,-104.997338,40.666036,0.073917,0.115405,0.242823,0.093654
284,-104.99722,40.666036,0.077256,0.119703,0.242798,0.09753
285,-104.997101,40.666036,0.071492,0.107538,0.230597,0.088975
286,-104.996983,40.666036,0.070452,0.104668,0.235165,0.087153
287,-104.996865,40.666036,0.068905,0.102564,0.233996,0.085318
288,-104.996747,40.666036,0.070416,0.105159,0.239155,0.08733
289,-104.996628,40.666036,0.067325,0.102249,0.241935,0.08418
290,-104.99651,40.666036,0.072559,0.111227,0.243746,0.091131
291,-104.996392,40.666036,0.077984,0.119543,0.261863,0.097944
292,-104.999823,40.665946,0.080894,0.119922,0.264787,0.099965
293,-104.999704,40.665946,0.078008,0.1158,0.261931,0.096462
294,-104.999586,40.665946,0.080269,0.119059,0.250821,0.099219
295,-104.999468,40.665946,0.07362,0.108527,0.232095,0.090726
296,-104.999349,40.665946,0.069532,0.101671,0.223105,0.085347
297,-104.999231,40.665946,0.064024,0.09369,0.220267,0.078617
298,-104.999113,40.665946,0.067872,0.098631,0.223332,0.083056
299,-104.998994,40.665946,0.068049,0.099193,0.220875,0.083399
300,-104.998876,40.665946,0.067603,0.098901,0.21372,0.083
301,-104.998758,40.665946,0.064374,0.093121,0.215401,0.078597
302,-104.998639,40.665946,0.062944,0.090824,0.209711,0.076756
303,-104.998521,40.665946,0.07149,0.102873,0.22365,0.087059
304,-104.998403,40.665946,0.072747,0.10463,0.226735,0.088568
305,-104.998285,40.665946,0.071059,0.102612,0.229329,0.086685
306,-104.998166,40.665946,0.06731,0.097965,0.228814,0.08243
307,-104.998048,40.665946,0.067813,0.098446,0.224147,0.082942
308,-104.99793,40.665946,0.069935,0.102392,0.232745,0.085896
309,-104.997811,40.665946,0.074336,0.110891,0.238411,0.092142
310,-104.997693,40.665946,0.067525,0.10229,0.227891,0.084325
311,-104.997575,40.665946,0.073064,0.110997,0.237607,0.091368
312,-104.997456,40.665946,0.076202,0.116641,0.240069,0.095639
313,-104.997338,40.665946,0.073427,0.112261,0.237766,0.092104
314,-104.99722,40.665946,0.071812,0.108629,0.239501,0.089617
315,-104.997101,40.665946,0.064644,0.095703,0.235683,0.079831
316,-104.996983,40.665946,0.067184,0.0987,0.227542,0.082656
317,-104.996865,40.665946,0.067721,0.099281,0.229614,0.083231
318,-104.996747,40.665946,0.07021,0.103282,0.24442,0.086435
319,-104.996628,40.665946,0.075149,0.111768,0.241341,0.093013
320,-104.99651,40.665946,0.072257,0.108871,0.24929,0.09
321,-104.996392,40.665946,0.072391,0.109974,0.257242,0.090526
322,-104.996273,40.665946,0.074746,0.114212,0.251306,0.093733
323,-104.999823,40.665856,0.087232,0.128255,0.269669,0.107363
324,-104.999704,40.665856,0.084794,0.125,0.268852,0.104497
325,-104.999586,40.665856,0.081472,0.120039,0.259662,0.100377
326,-104.999468,40.665856,0.07536,0.110683,0.242865,0.092703
327,-104.999349,40.665856,0.070684,0.103088,0.223393,0.086651
328,-104.999231,40.665856,0.070348,0.102022,0.22147,0.085999
329,-104.999113,40.665856,0.067872,0.098631,0.21821,0.083056
330,-104.998994,40.665856,0.069888,0.101124,0.226917,0.085341
331,-104.998876,40.665856,0.064401,0.093208,0.21436,0.078651
332,-104.998758,40.665856,0.070297,0.100782,0.216065,0.085449
333,-104.998639,40.665856,0.068225,0.097572,0.21501,0.082829
334,-104.998521,40.665856,0.068995,0.098361,0.217567,0.083632
335,-104.998403,40.665856,0.075064,0.106498,0.221116,0.090769
336,-104.998285,40.665856,0.072797,0.103731,0.221551,0.088219
337,-104.998166,40.665856,0.071368,0.101449,0.223956,0.086383
338,-104.998048,40.665856,0.065882,0.093538,0.209395,0.079695
339,-104.99793,40.665856,0.072565,0.104603,0.214103,0.088445
340,-104.997811,40.665856,0.077821,0.112888,0.232934,0.095147
341,-104.997693,40.665856,0.076832,0.111425,0.234465,0.093926
342,-104.997575,40.665856,0.074238,0.107663,0.23093,0.090755
343,-104.997456,40.665856,0.072575,0.105737,0.235824,0.088924
344,-104.997338,40.665856,0.072364,0.106199,0.231016,0.088983
345,-104.99722,40.665856,0.075098,0.109838,0.232238,0.092191
346,-104.997101,40.665856,0.071675,0.103448,0.233333,0.087413
347,-104.996983,40.665856,0.069032,0.099535,0.22487,0.084149
348,-104.996865,40.665856,0.068255,0.098737,0.219107,0.083337
349,-104.996747,40.665856,0.073099,0.106282,0.230042,0.089475
350,-104.996628,40.665856,0.076393,0.112289,0.235546,0.09401
351,-104.99651,40.665856,0.073026,0.107767,0.235517,0.090042
352,-104.996392,40.665856,0.072783,0.108161,0.241189,0.090049
353,-104.996273,40.665856,0.074369,0.111001,0.252514,0.092207
354,-104.999823,40.665766,0.090228,0.131591,0.261653,0.110609
355,-104.999704,40.665766,0.088159,0.128375,0.26366,0.10799
356,-104.999586,40.665766,0.082077,0.118581,0.263047,0.10015
357,-104.999468,40.665766,0.077926,0.112669,0.25,0.095121
358,-104.999349,40.665766,0.076981,0.110802,0.239524,0.093757
359,-104.999231,40.665766,0.079385,0.113449,0.230536,0.096343
360,-104.999113,40.665766,0.070392,0.100548,0.221715,0.085408
361,-104.998994,40.665766,0.068602,0.097683,0.224531,0.083106
362,-104.998876,40.665766,0.065523,0.093479,0.214792,0.079452
363,-104.998758,40.665766,0.070611,0.100181,0.218391,0.085385
364,-104.998639,40.665766,0.068541,0.096487,0.223821,0.082558
365,-104.998521,40.665766,0.067811,0.09482,0.218964,0.081404
366,-104.998403,40.665766,0.073163,0.102328,0.218447,0.087839
367,-104.998285,40.665766,0.071279,0.099693,0.217307,0.085577
368,-104.998166,40.665766,0.067669,0.094406,0.216124,0.08114
369,-104.998048,40.665766,0.067416,0.093669,0.219536,0.08067
370,-104.99793,40.665766,0.065354,0.091469,0.218459,0.078491
371,-104.997811,40.665766,0.066995,0.093874,0.225679,0.080508
372,-104.997693,40.665766,0.073997,0.103327,0.228669,0.088768
373,-104.997575,40.665766,0.072509,0.10186,0.222004,0.087247
374,-104.997456,40.665766,0.073604,0.104129,0.22571,0.088877
375,-104.997338,40.665766,0.074125,0.105192,0.232628,0.089645
376,-104.99722,40.665766,0.070064,0.099548,0.225416,0.084784
377,-104.997101,40.665766,0.067516,0.095928,0.218923,0.081701
378,-104.996983,40.665766,0.067145,0.094812,0.220948,0.081001
379,-104.996865,40.665766,0.06847,0.096774,0.2167,0.082639
380,-104.996747,40.665766,0.070367,0.099955,0.220884,0.085141
381,-104.996628,40.665766,0.076087,0.108577,0.238532,0.092273
382,-104.99651,40.665766,0.082992,0.119814,0.245205,0.101229
383,-104.996392,40.665766,0.078879,0.115128,0.244161,0.096733
384,-104.999823,40.665676,0.086538,0.123853,0.262887,0.105101
385,-104.999704,40.665676,0.082297,0.11819,0.263432,0.100121
386,-104.999586,40.665676,0.08499,0.121727,0.269891,0.103258
387,-104.999468,40.665676,0.085659,0.123262,0.247555,0.104314
388,-104.999349,40.665676,0.080202,0.115438,0.228805,0.09768
389,-104.999231,40.665676,0.076874,0.108911,0.235088,0.092892
390,-104.999113,40.665676,0.077183,0.108831,0.230693,0.093044
391,-104.998994,40.665676,0.070826,0.099822,0.221178,0.085361
392,-104.998876,40.665676,0.070976,0.100269,0.22167,0.085643
393,-104.998758,40.665676,0.071338,0.100355,0.223704,0.085898
394,-104.998639,40.665676,0.073109,0.102655,0.217391,0.087948
395,-104.998521,40.665676,0.072925,0.102113,0.222656,0.087604
396,-104.998403,40.665676,0.07661,0.106661,0.221528,0.091766
397,-104.998285,40.665676,0.071993,0.09987,0.220144,0.086078
398,-104.998166,40.665676,0.066625,0.092321,0.215554,0.079615
399,-104.998048,40.665676,0.070749,0.097686,0.221163,0.084391
400,-104.99793,40.665676,0.071812,0.098892,0.216038,0.085544
401,-104.997811,40.665676,0.068916,0.095197,0.21619,0.082222
402,-104.997693,40.665676,0.07311,0.100769,0.220066,0.087129
403,-104.997575,40.665676,0.076493,0.105852,0.219165,0.091344
404,-104.997456,40.665676,0.071339,0.09939,0.217769,0.085482
405,-104.997338,40.665676,0.076463,0.10719,0.226185,0.091907
406,-104.99722,40.665676,0.072028,0.100926,0.227518,0.086556
407,-104.997101,40.665676,0.067982,0.095322,0.216071,0.081722
408,-104.996983,40.665676,0.07116,0.099344,0.217644,0.085355
409,-104.996865,40.665676,0.06952,0.096943,0.223575,0.08334
410,-104.996747,40.665676,0.070952,0.098739,0.230395,0.084969
411,-104.996628,40.665676,0.070253,0.099107,0.227318,0.084711
412,-104.99651,40.665676,0.078001,0.111827,0.240883,0.094813
413,-104.996392,40.665676,0.078845,0.113912,0.25118,0.096207
414,-104.999704,40.665586,0.082657,0.11824,0.257084,0.100362
415,-104.999586,40.665586,0.085366,0.122355,0.260331,0.103753
416,-104.999468,40.665586,0.083867,0.119854,0.254098,0.101782
417,-104.999349,40.665586,0.079485,0.113233,0.252174,0.096312
418,-104.999231,40.665586,0.080816,0.114196,0.235966,0.097527
419,-104.999113,40.665586,0.076389,0.10746,0.229783,0.091979
420,-104.998994,40.665586,0.071309,0.09978,0.22587,0.085633
421,-104.998876,40.665586,0.070293,0.098246,0.217899,0.084364
422,-104.998758,40.665586,0.070503,0.098382,0.22001,0.084548
423,-104.998639,40.665586,0.070952,0.098739,0.219112,0.084969
424,-104.998521,40.665586,0.071399,0.099563,0.215251,0.085592
425,-104.998403,40.665586,0.072172,0.100391,0.214388,0.086411
426,-104.998285,40.665586,0.071162,0.09841,0.209082,0.08495
427,-104.998166,40.665586,0.068898,0.094692,0.217761,0.08199
428,-104.998048,40.665586,0.067329,0.092055,0.215154,0.079912
429,-104.99793,40.665586,0.075398,0.102757,0.214351,0.089343
430,-104.997811,40.665586,0.072308,0.098947,0.212825,0.085858
431,-104.997693,40.665586,0.07137,0.097643,0.213588,0.084736
432,-104.997575,40.665586,0.076323,0.104465,0.219535,0.090636
433,-104.997456,40.665586,0.070545,0.097104,0.222011,0.084015
434,-104.997338,40.665586,0.072586,0.100648,0.217391,0.086767
435,-104.99722,40.665586,0.066487,0.091924,0.220355,0.079361
436,-104.997101,40.665586,0.071993,0.09987,0.217225,0.086078
437,-104.996983,40.665586,0.072435,0.100215,0.213472,0.08649
438,-104.996865,40.665586,0.067183,0.092537,0.22,0.080038
439,-104.996747,40.665586,0.073344,0.10098,0.231649,0.087359
440,-104.996628,40.665586,0.071877,0.100483,0.224609,0.086275
441,-104.99651,40.665586,0.08072,0.114414,0.244467,0.097563
442,-104.996392,40.665586,0.084241,0.120476,0.255647,0.102273
443,-104.999704,40.665496,0.088198,0.125798,0.260847,0.106934
444,-104.999586,40.665496,0.083636,0.11967,0.252308,0.101563
445,-104.999468,40.665496,0.081158,0.115228,0.254703,0.098175
446,-104.999349,40.665496,0.079149,0.112727,0.245802,0.095893
447,-104.999231,40.665496,0.081081,0.11449,0.238569,0.097813
448,-104.999113,40.665496,0.076335,0.106813,0.230093,0.091668
449,-104.998994,40.665496,0.070654,0.098346,0.222276,0.084622
450,-104.998876,40.665496,0.068905,0.09563,0.219066,0.082404
451,-104.998758,40.665496,0.073003,0.101386,0.21977,0.087336
452,-104.998639,40.665496,0.073832,0.102376,0.225156,0.088257
453,-104.998521,40.665496,0.07205,0.099571,0.224665,0.085981
454,-104.998403,40.665496,0.070035,0.097025,0.216643,0.083681
455,-104.998285,40.665496,0.068027,0.094032,0.211602,0.081189
456,-104.998166,40.665496,0.074722,0.102629,0.222379,0.088892
457,-104.998048,40.665496,0.070025,0.095638,0.213191,0.083065
458,-104.99793,40.665496,0.072798,0.099002,0.211927,0.086167
459,-104.997811,40.665496,0.075659,0.103045,0.215074,0.089622
460,-104.997693,40.665496,0.069711,0.094763,0.216066,0.082495
461,-104.997575,40.665496,0.074203,0.101171,0.213825,0.087945
462,-104.997456,40.665496,0.077396,0.105705,0.216428,0.091809
463,-104.997338,40.665496,0.072071,0.098285,0.210696,0.085428
464,-104.99722,40.665496,0.071865,0.097713,0.219963,0.085055
465,-104.997101,40.665496,0.072833,0.099538,0.218241,0.086426
466,-104.996983,40.665496,0.06807,0.092809,0.211307,0.080677
467,-104.996865,40.665496,0.074586,0.101801,0.222687,0.088447
468,-104.996747,40.665496,0.082188,0.112516,0.231918,0.097611
469,-104.996628,40.665496,0.080812,0.11178,0.232015,0.096481
470,-104.99651,40.665496,0.08097,0.113667,0.241617,0.097393
471,-104.996392,40.665496,0.084641,0.120145,0.251893,0.102376
472,-104.999704,40.665406,0.089917,0.12742,0.264646,0.108666
473,-104.999586,40.665406,0.087335,0.124207,0.259523,0.105735
474,-104.999468,40.665406,0.089093,0.125952,0.262946,0.107542
475,-104.999349,40.665406,0.092005,0.130162,0.255234,0.111096
476,-104.999231,40.665406,0.084369,0.118825,0.242095,0.101648
477,-104.999113,40.665406,0.083804,0.117157,0.236523,0.100591
478,-104.998994,40.665406,0.078255,0.109075,0.242424,0.09379
479,-104.998876,40.665406,0.080363,0.111885,0.241011,0.096261
480,-104.998758,40.665406,0.08248,0.115199,0.234125,0.098956
481,-104.998639,40.665406,0.079643,0.1117,0.244071,0.095752
482,-104.998521,40.665406,0.078749,0.110039,0.231518,0.094502
483,-104.998403,40.665406,0.078816,0.109287,0.228121,0.094215
484,-104.998285,40.665406,0.072461,0.099829,0.227619,0.086336
485,-104.998166,40.665406,0.076868,0.105553,0.220974,0.091434
486,-104.998048,40.665406,0.074203,0.101171,0.222274,0.087945
487,-104.99793,40.665406,0.077534,0.10522,0.226667,0.091674
488,-104.997811,40.665406,0.083843,0.114072,0.224714,0.099263
489,-104.997693,40.665406,0.079044,0.107246,0.226043,0.093449
490,-104.997575,40.665406,0.074251,0.100872,0.223812,0.08784
491,-104.997456,40.665406,0.07404,0.100289,0.224621,0.087459
492,-104.997338,40.665406,0.0723,0.098055,0.215201,0.085459
493,-104.99722,40.665406,0.074663,0.101582,0.215993,0.088395
494,-104.997101,40.665406,0.078179,0.105718,0.230206,0.092269
495,-104.996983,40.665406,0.071022,0.096241,0.223605,0.083912
496,-104.996865,40.665406,0.075764,0.102905,0.227714,0.08962
497,-104.996747,40.665406,0.076271,0.10388,0.230126,0.090347
498,-104.996628,40.665406,0.080087,0.110166,0.233459,0.095348
499,-104.99651,40.665406,0.08283,0.115268,0.24285,0.099193
500,-104.999586,40.665316,0.091695,0.129234,0.256321,0.110512
501,-104.999468,40.665316,0.090871,0.127773,0.255929,0.109391
502,-104.999349,40.665316,0.094476,0.132075,0.260997,0.1134
503,-104.999231,40.665316,0.089308,0.12511,0.249511,0.107309
504,-104.999113,40.665316,0.082687,0.115808,0.239726,0.099342
505,-104.998994,40.665316,0.082933,0.115569,0.241145,0.099386
506,-104.998876,40.665316,0.08441,0.117493,0.23759,0.101097
507,-104.998758,40.665316,0.081405,0.114463,0.230769,0.097996
508,-104.998639,40.665316,0.086068,0.121907,0.249499,0.103989
509,-104.998521,40.665316,0.086404,0.122412,0.240796,0.104408
510,-104.998403,40.665316,0.084573,0.11845,0.23601,0.101609
511,-104.998285,40.665316,0.079046,0.109483,0.236905,0.094436
512,-104.998166,40.665316,0.079794,0.109787,0.220402,0.09501
513,-104.998048,40.665316,0.082908,0.112776,0.224359,0.098145
514,-104.99793,40.665316,0.084146,0.11405,0.227128,0.099429
515,-104.997811,40.665316,0.079882,0.108705,0.216636,0.094583
516,-104.997693,40.665316,0.07869,0.107128,0.217232,0.093192
517,-104.997575,40.665316,0.083452,0.113419,0.225423,0.098746
518,-104.997456,40.665316,0.07373,0.100291,0.220683,0.087281
519,-104.997338,40.665316,0.074021,0.100666,0.218793,0.087615
520,-104.99722,40.665316,0.079849,0.108614,0.225391,0.094524
521,-104.997101,40.665316,0.078499,0.106173,0.236431,0.092656
522,-104.996983,40.665316,0.071312,0.096614,0.226223,0.084246
523,-104.996865,40.665316,0.075351,0.102193,0.228782,0.089064
524,-104.996747,40.665316,0.074021,0.100666,0.226135,0.087615
525,-104.996628,40.665316,0.079823,0.109421,0.236929,0.094866
526,-104.99651,40.665316,0.089482,0.124189,0.243657,0.107014
527,-104.999586,40.665226,0.094163,0.132125,0.260207,0.113235
528,-104.999468,40.665226,0.094458,0.132509,0.258714,0.113577
529,-104.999349,40.665226,0.089491,0.125165,0.256498,0.107442
530,-104.999231,40.665226,0.088604,0.123527,0.250729,0.106205
531,-104.999113,40.665226,0.082933,0.115569,0.235749,0.099386
532,-104.998994,40.665226,0.079505,0.110342,0.231877,0.095082
533,-104.998876,40.665226,0.078358,0.108434,0.233716,0.093572
534,-104.998758,40.665226,0.080067,0.111498,0.238835,0.095917
535,-104.998639,40.665226,0.092019,0.13071,0.253133,0.111338
536,-104.998521,40.665226,0.084543,0.120879,0.254098,0.102627
537,-104.998403,40.665226,0.084421,0.121031,0.246036,0.102617
538,-104.998285,40.665225,0.080808,0.113677,0.238519,0.0973
539,-104.998166,40.665225,0.076556,0.106034,0.22307,0.091462
540,-104.998048,40.665225,0.079725,0.109145,0.229907,0.094686
541,-104.99793,40.665225,0.081263,0.110373,0.229215,0.096125
542,-104.997811,40.665225,0.074172,0.101086,0.214187,0.08789
543,-104.997693,40.665225,0.068937,0.094356,0.210061,0.081865
544,-104.997575,40.665225,0.078042,0.106633,0.223202,0.092596
545,-104.997456,40.665225,0.080625,0.109904,0.230769,0.095547
546,-104.997338,40.665225,0.074847,0.102092,0.225686,0.088727
547,-104.99722,40.665225,0.078399,0.106756,0.229273,0.092858
548,-104.997101,40.665225,0.074862,0.101702,0.232699,0.088563
549,-104.996983,40.665225,0.073991,0.100582,0.2282,0.087561
550,-104.996865,40.665225,0.074586,0.101801,0.224395,0.088447
551,-104.996747,40.665225,0.078045,0.106206,0.230769,0.092409
552,-104.996628,40.665225,0.073133,0.100381,0.236554,0.086972
553,-104.99651,40.665225,0.080524,0.111882,0.24285,0.096355
554,-104.999468,40.665135,0.090498,0.12716,0.253202,0.108904
555,-104.999349,40.665135,0.086756,0.121479,0.248408,0.104219
556,-104.999231,40.665135,0.088529,0.122837,0.248077,0.105861
557,-104.999113,40.665135,0.081897,0.113509,0.23445,0.097876
558,-104.998994,40.665135,0.076229,0.105558,0.230105,0.091061
559,-104.998876,40.665135,0.080685,0.111879,0.235718,0.096449
560,-104.998758,40.665135,0.082603,0.115083,0.235749,0.098979
561,-104.998639,40.665135,0.087339,0.123707,0.246507,0.105524
562,-104.998521,40.665135,0.082439,0.118628,0.245614,0.100392
563,-104.998403,40.665135,0.08209,0.119171,0.234927,0.100404
564,-104.998285,40.665135,0.076002,0.107803,0.239152,0.091893
565,-104.998166,40.665135,0.076939,0.107143,0.223881,0.092171
566,-104.998048,40.665135,0.078006,0.106977,0.23258,0.092727
567,-104.99793,40.665135,0.078883,0.107667,0.23436,0.093543
568,-104.997811,40.665135,0.078655,0.107914,0.219944,0.093519
569,-104.997693,40.665135,0.081391,0.112058,0.224203,0.096943
570,-104.997575,40.665135,0.078031,0.107957,0.223172,0.093171
571,-104.997456,40.665135,0.077736,0.107573,0.226883,0.09283
572,-104.997338,40.665135,0.072017,0.099023,0.226174,0.085722
573,-104.99722,40.665135,0.077002,0.105485,0.228317,0.091483
574,-104.997101,40.665135,0.07572,0.103218,0.232493,0.089734
575,-104.996983,40.665135,0.074769,0.102316,0.228531,0.088781
576,-104.996865,40.665135,0.082357,0.112992,0.23185,0.09792
577,-104.996747,40.665135,0.076543,0.105085,0.226717,0.091038
578,-104.996628,40.665135,0.069364,0.095563,0.235804,0.082646
579,-104.999349,40.665045,0.082915,0.115993,0.242054,0.099558
580,-104.999231,40.665045,0.083333,0.115318,0.240191,0.099513
581,-104.999113,40.665045,0.076103,0.105195,0.229226,0.090828
582,-104.998994,40.665045,0.080518,0.111398,0.231062,0.096141
583,-104.998876,40.665045,0.078323,0.108799,0.22627,0.093711
584,-104.998758,40.665045,0.081241,0.112549,0.239193,0.09707
585,-104.998639,40.665045,0.081259,0.113547,0.235409,0.097514
586,-104.998521,40.665045,0.077477,0.109712,0.231537,0.093598
587,-104.998403,40.665045,0.074207,0.104933,0.228315,0.089584
588,-104.998285,40.665045,0.073155,0.101828,0.232717,0.087618
589,-104.998166,40.665045,0.074798,0.1033,0.226883,0.089231
590,-104.998048,40.665045,0.073223,0.100637,0.224953,0.087138
591,-104.99793,40.665045,0.073608,0.101277,0.225379,0.087644
592,-104.997811,40.665045,0.075232,0.103625,0.224219,0.089628
593,-104.997693,40.665045,0.07686,0.105983,0.231794,0.091618
594,-104.997575,40.665045,0.076314,0.106272,0.227053,0.091421
595,-104.997456,40.665045,0.076971,0.107236,0.234208,0.09223
596,-104.997338,40.665045,0.07545,0.104247,0.22864,0.090029
597,-104.99722,40.665045,0.076963,0.105822,0.234345,0.091608
598,-104.997101,40.665045,0.077485,0.106401,0.234043,0.092168
599,-104.996983,40.665045,0.077842,0.106961,0.226717,0.092624
600,-104.996865,40.665045,0.076323,0.104465,0.232722,0.090636
601,-104.996747,40.665045,0.078328,0.107889,0.231863,0.093316
602,-104.999231,40.664955,0.079046,0.109483,0.235718,0.094436
603,-104.999113,40.664955,0.077898,0.108038,0.225621,0.093128
604,-104.998994,40.664955,0.079339,0.109402,0.229167,0.094573
605,-104.998876,40.664955,0.074239,0.102619,0.228121,0.088603
606,-104.998758,40.664955,0.07764,0.107296,0.226236,0.092652
607,-104.998639,40.664955,0.076008,0.104925,0.223329,0.090654
608,-104.998521,40.664955,0.069536,0.096055,0.224138,0.082963
609,-104.998403,40.664955,0.073648,0.101848,0.223282,0.087918
610,-104.998285,40.664955,0.07787,0.107495,0.226755,0.092874
611,-104.998166,40.664955,0.07602,0.104503,0.224682,0.090476
612,-104.998048,40.664955,0.073872,0.101572,0.222642,0.087929
613,-104.99793,40.664955,0.073639,0.101363,0.223852,0.0877
614,-104.997811,40.664955,0.07376,0.101709,0.223541,0.087924
615,-104.997693,40.664955,0.074066,0.102586,0.227447,0.088487
616,-104.997575,40.664955,0.080625,0.112174,0.242351,0.096542
617,-104.997456,40.664955,0.080067,0.111498,0.241849,0.095917
618,-104.997338,40.664955,0.073842,0.102877,0.228752,0.088481
619,-104.99722,40.664955,0.075047,0.104014,0.237542,0.089689
620,-104.997101,40.664955,0.078328,0.107889,0.231863,0.093316
621,-104.996983,40.664955,0.076313,0.104883,0.23026,0.090815
622,-104.996865,40.664955,0.076836,0.105464,0.234043,0.091376
623,-104.999113,40.664865,0.078718,0.109005,0.224548,0.094034
624,-104.998994,40.664865,0.079632,0.109782,0.224317,0.094912
625,-104.998876,40.664865,0.074845,0.102979,0.226112,0.089117
626,-104.998758,40.664865,0.073448,0.100378,0.223156,0.087155
627,-104.998639,40.664865,0.074416,0.101766,0.220307,0.088332
628,-104.998521,40.664865,0.07281,0.099915,0.218574,0.086578
629,-104.998403,40.664865,0.075801,0.103885,0.21808,0.090076
630,-104.998285,40.664865,0.075092,0.10278,0.227955,0.089175
631,-104.998166,40.664865,0.073448,0.100378,0.220307,0.087155
632,-104.998048,40.664865,0.077427,0.105793,0.222274,0.091867
633,-104.99793,40.664865,0.07885,0.108017,0.227103,0.093678
634,-104.997811,40.664865,0.078328,0.107889,0.23128,0.093316
635,-104.997693,40.664865,0.077275,0.107174,0.236486,0.092383
636,-104.997575,40.664865,0.075953,0.105698,0.23458,0.090958
637,-104.997456,40.664865,0.078122,0.109163,0.236559,0.093749
638,-104.997338,40.664865,0.079674,0.111306,0.241312,0.0956
639,-104.99722,40.664865,0.076218,0.105995,0.23293,0.091244
640,-104.997101,40.664865,0.073679,0.101935,0.231139,0.087974
641,-104.996983,40.664865,0.07069,0.097519,0.234247,0.084283
642,-104.998994,40.664775,0.076313,0.104883,0.222744,0.090815
643,-104.998876,40.664775,0.07869,0.107128,0.230199,0.093192
644,-104.998758,40.664775,0.074312,0.10104,0.221966,0.08795
645,-104.998639,40.664775,0.074525,0.101631,0.213266,0.088336
646,-104.998521,40.664775,0.080368,0.109623,0.220433,0.095273
647,-104.998403,40.664775,0.079622,0.107985,0.226752,0.094113
648,-104.998285,40.664775,0.07433,0.10066,0.226667,0.087792
649,-104.998166,40.664775,0.070265,0.095436,0.221657,0.083115
650,-104.998048,40.664775,0.076178,0.10362,0.220433,0.090178
651,-104.99793,40.664775,0.077623,0.105902,0.229409,0.092029
652,-104.997811,40.664775,0.080506,0.110453,0.235405,0.095719
653,-104.997693,40.664775,0.081852,0.112917,0.243786,0.097591
654,-104.997575,40.664775,0.077694,0.108392,0.237677,0.093161
655,-104.997456,40.664775,0.079445,0.111603,0.238894,0.095592
656,-104.997338,40.664775,0.084751,0.118974,0.24692,0.101941
657,-104.99722,40.664775,0.079443,0.111111,0.241413,0.095379
658,-104.997101,40.664775,0.077699,0.107932,0.235977,0.092964
659,-104.998758,40.664685,0.078627,0.106524,0.224303,0.092886
660,-104.998639,40.664685,0.076758,0.104366,0.218349,0.090846
661,-104.998521,40.664685,0.082721,0.112688,0.222936,0.097997
662,-104.998403,40.664685,0.083961,0.113966,0.221263,0.099284
663,-104.998285,40.664685,0.073134,0.098649,0.21448,0.086204
664,-104.998166,40.664685,0.072124,0.097571,0.220137,0.085141
665,-104.998048,40.664685,0.074528,0.100782,0.224714,0.08796
666,-104.99793,40.664685,0.076758,0.104366,0.232483,0.090846
667,-104.997811,40.664685,0.083828,0.114465,0.232267,0.099429
668,-104.997693,40.664685,0.08459,0.116617,0.234183,0.100821
669,-104.997575,40.664685,0.0825,0.114783,0.241045,0.098787
670,-104.997456,40.664685,0.080706,0.113375,0.245171,0.097109
671,-104.997338,40.664685,0.086417,0.121454,0.25,0.104005
672,-104.998403,40.664595,0.078819,0.106628,0.226277,0.093044
673,-104.998285,40.664595,0.07294,0.098965,0.215201,0.086233
674,-104.998166,40.664595,0.068571,0.093333,0.212569,0.0812
675,-104.998048,40.664595,0.07047,0.095573,0.2282,0.083295
676,-104.99793,40.664595,0.075015,0.102126,0.234937,0.08884
677,-104.997811,40.664595,0.075062,0.102694,0.231203,0.089118
678,-104.997693,40.664595,0.080096,0.111111,0.236766,0.095766
