OBJECTID_1,POINT_X,POINT_Y,OM,Nitrate_N,Eca_deep,Eca_shallow,Bare_SAVI,Bare_NDVI,DEM
1,-104.999231,40.666937,1.15009,6.88318,40.4934,14.12606,0.109159,0.152498,1563
2,-104.999113,40.666937,1.14643,7.31058,40.20523,14.19035,0.110408,0.15282,1563
3,-104.998994,40.666937,1.17351,8.36935,40.31286,14.35168,0.108471,0.149573,1563
4,-104.998876,40.666937,1.20639,8.92212,40.76082,14.65957,0.112796,0.156439,1563
5,-104.998758,40.666937,1.25939,9.57739,41.49097,14.84465,0.109234,0.153201,1563
6,-104.998639,40.666937,1.33714,10.7763,43.09518,15.53682,0.113005,0.15897,1563
7,-104.998521,40.666937,1.38027,11.6202,44.13228,16.11374,0.122189,0.173442,1563
8,-104.998403,40.666937,1.40615,12.3756,44.83422,16.59348,0.123003,0.175399,1563
9,-104.998284,40.666937,1.44857,12.8816,44.93612,16.95205,0.127097,0.180625,1563
10,-104.998166,40.666937,1.48222,13.2122,45.5118,17.3724,0.125506,0.17888,1562
11,-104.998048,40.666937,1.50843,13.6877,46.04285,17.70329,0.124204,0.176471,1562
12,-104.99793,40.666937,1.52306,13.9007,46.05165,17.75408,0.133752,0.190541,1562
13,-104.997811,40.666937,1.51749,14.0942,45.64236,17.50761,0.135026,0.19287,1562
14,-104.997693,40.666937,1.49343,14.0976,45.25122,17.17996,0.134266,0.192114,1562
15,-104.997575,40.666937,1.49042,13.8203,45.2073,17.0124,0.139513,0.199816,1563
16,-104.997456,40.666937,1.49572,13.9946,44.47738,16.45573,0.140976,0.202211,1563
17,-104.997338,40.666937,1.50247,14.2316,43.20534,15.73118,0.1339,0.193113,1562
18,-104.99722,40.666937,1.53412,14.3945,42.60617,15.48285,0.145559,0.211095,1562
19,-104.997101,40.666937,1.58438,14.6807,42.08241,15.14619,0.156026,0.227553,1562
20,-104.996983,40.666937,1.6469,15.1285,42.05458,15.25033,0.151148,0.222169,1562
21,-104.999349,40.666847,1.14725,6.31657,40.60334,14.05135,0.080105,0.112088,1564
22,-104.999231,40.666847,1.12127,6.54019,40.24008,14.06152,0.067738,0.095091,1563
23,-104.999113,40.666847,1.1042,6.94723,40.24393,14.05575,0.065217,0.091552,1563
24,-104.998994,40.666847,1.11182,7.48212,40.43618,14.19811,0.069395,0.097058,1563
25,-104.998876,40.666847,1.15792,8.31656,40.59523,14.44229,0.074276,0.104148,1563
26,-104.998758,40.666847,1.21562,9.10504,40.93486,14.65283,0.073209,0.103448,1563
27,-104.998639,40.666847,1.28824,9.99311,42.22336,15.23402,0.073959,0.105721,1563
28,-104.998521,40.666847,1.32581,10.9503,43.05741,15.7174,0.072847,0.105485,1563
29,-104.998403,40.666847,1.35343,11.6615,43.46642,16.03638,0.078193,0.114068,1563
30,-104.998285,40.666847,1.43202,12.3125,43.82468,16.35124,0.080834,0.117983,1563
31,-104.998166,40.666847,1.47389,12.5872,44.47157,16.90357,0.083763,0.120594,1562
32,-104.998048,40.666847,1.5003,12.9458,44.83564,17.1695,0.080673,0.115828,1562
33,-104.99793,40.666847,1.49961,13.3833,44.90934,17.20768,0.08328,0.11963,1562
34,-104.997811,40.666847,1.47737,13.3659,44.73235,17.06423,0.079355,0.114419,1562
35,-104.997693,40.666847,1.41782,13.2882,44.3512,16.6399,0.077413,0.112154,1562
36,-104.997575,40.666847,1.44357,13.2996,44.41428,16.55125,0.083912,0.122159,1563
37,-104.997456,40.666847,1.4488,13.3523,43.78284,16.08419,0.08045,0.116761,1563
38,-104.997338,40.666847,1.44647,13.7304,43.25404,15.80594,0.07881,0.11491,1562
39,-104.99722,40.666847,1.49426,14.1134,42.86211,15.82287,0.082822,0.122093,1562
40,-104.997101,40.666847,1.55747,14.1418,42.75082,15.58427,0.082011,0.121807,1562
41,-104.996983,40.666847,1.63558,15.3349,42.9894,15.8466,0.082498,0.124058,1562
42,-104.996865,40.666847,1.66906,15.9217,43.39543,16.29151,0.089258,0.134373,1562
43,-104.999349,40.666757,1.13144,6.00575,40.46761,14.17389,0.067688,0.096451,1564
44,-104.999231,40.666757,1.09322,6.23637,40.15392,14.04085,0.066204,0.093003,1563
45,-104.999113,40.666757,1.05258,6.7115,40.10108,14.09119,0.063487,0.089373,1563
46,-104.998994,40.666757,1.04748,7.04753,40.26835,14.23374,0.067494,0.094858,1563
47,-104.998876,40.666757,1.10727,7.85485,40.43838,14.44779,0.071911,0.101566,1563
48,-104.998758,40.666757,1.18111,8.59271,40.79532,14.56201,0.074568,0.106539,1563
49,-104.998639,40.666757,1.25516,9.44693,41.81851,15.17103,0.08038,0.116541,1563
50,-104.998521,40.666757,1.30904,10.1464,42.52193,15.53503,0.079051,0.116257,1563
51,-104.998403,40.666757,1.36096,10.8941,43.08187,15.87039,0.077394,0.11379,1562
52,-104.998285,40.666757,1.43246,11.6092,43.58426,16.25192,0.080433,0.118415,1562
53,-104.998166,40.666757,1.47335,12.2497,43.49477,16.41422,0.078196,0.113519,1561
54,-104.998048,40.666757,1.49209,12.5313,43.65972,16.65863,0.076435,0.110181,1561
55,-104.99793,40.666757,1.48564,12.7643,43.7716,16.70209,0.078574,0.113068,1561
56,-104.997811,40.666757,1.45671,12.9876,43.82928,16.59155,0.079794,0.114709,1561
57,-104.997693,40.666757,1.41804,12.3212,44.17605,16.55402,0.078373,0.112442,1561
58,-104.997575,40.666757,1.40862,12.6389,43.89786,16.46276,0.077692,0.111937,1562
59,-104.997456,40.666757,1.40888,12.8516,43.94935,16.34062,0.083243,0.120601,1562
60,-104.997338,40.666757,1.4073,13.111,43.64905,16.26949,0.082375,0.120076,1562
61,-104.99722,40.666757,1.4551,13.668,43.45951,16.24913,0.080258,0.117845,1562
62,-104.997101,40.666757,1.51851,14.3273,43.44208,15.99097,0.079398,0.117389,1562
63,-104.996983,40.666757,1.58956,14.5289,43.67305,16.28119,0.081045,0.121032,1562
64,-104.996865,40.666757,1.64479,15.9279,44.12965,16.72465,0.087725,0.131698,1562
65,-104.996746,40.666757,1.67387,16.7612,44.75524,17.29421,0.088829,0.134831,1561
66,-104.999468,40.666667,1.15014,4.66348,40.56113,14.19962,0.08159,0.114035,1564
67,-104.999349,40.666667,1.10368,4.8248,40.31554,14.29224,0.071031,0.101984,1564
68,-104.999231,40.666667,1.05905,5.35042,40.02696,14.21281,0.067545,0.096014,1563
69,-104.999113,40.666667,0.983294,5.58839,39.91236,14.22889,0.060738,0.086152,1563
70,-104.998994,40.666667,0.961205,6.70161,39.94674,14.32127,0.068457,0.097241,1563
71,-104.998876,40.666667,1.07011,7.39111,40.14713,14.46956,0.070064,0.099548,1563
72,-104.998758,40.666667,1.15971,8.15637,40.48652,14.51148,0.071673,0.102907,1563
73,-104.998639,40.666667,1.24038,9.002,40.98342,14.93891,0.079773,0.116858,1563
74,-104.998521,40.666667,1.31736,9.71941,41.82275,15.25733,0.079087,0.118173,1563
75,-104.998403,40.666667,1.38768,10.5736,42.35472,15.54078,0.074733,0.112224,1562
76,-104.998285,40.666667,1.45008,10.9442,42.5996,15.85441,0.078423,0.11718,1562
77,-104.998166,40.666667,1.48393,11.6441,42.75186,16.08591,0.072777,0.107543,1561
78,-104.998048,40.666667,1.49559,12.3855,42.79707,16.268,0.077744,0.113767,1561
79,-104.99793,40.666667,1.48529,12.4769,42.9632,16.36636,0.074708,0.108593,1561
80,-104.997811,40.666667,1.45131,12.3167,43.31818,16.31813,0.074418,0.107678,1561
81,-104.997693,40.666667,1.41097,12.5168,43.574,16.33569,0.079186,0.114433,1561
82,-104.997575,40.666667,1.38424,12.3299,43.94758,16.36793,0.076227,0.110075,1562
83,-104.997456,40.666667,1.38208,12.2609,44.01813,16.49611,0.073345,0.106503,1562
84,-104.997338,40.666667,1.39542,12.81,43.64272,16.47762,0.075244,0.109739,1562
85,-104.99722,40.666667,1.42798,13.466,43.83136,16.42672,0.073394,0.107796,1562
86,-104.997101,40.666667,1.47886,13.7351,43.88492,16.36638,0.076204,0.112848,1562
87,-104.996983,40.666667,1.55699,14.8598,44.10714,16.66116,0.08,0.12,1562
88,-104.996865,40.666667,1.62798,15.5344,44.56834,17.04107,0.077748,0.117409,1562
89,-104.996746,40.666667,1.67087,16.5299,45.07858,17.51297,0.075287,0.114771,1561
90,-104.996628,40.666667,1.69982,17.5397,46.05542,18.3513,0.075627,0.115965,1561
91,-104.999586,40.666577,1.16789,4.37579,40.65665,14.17566,0.065654,0.091868,1565
92,-104.999468,40.666577,1.15957,4.65706,40.32616,14.23698,0.07063,0.101813,1564
93,-104.999349,40.666577,1.12403,4.81764,40.12783,14.1242,0.067655,0.097403,1564
94,-104.999231,40.666577,1.07084,4.92369,40.08018,14.38743,0.06661,0.095238,1563
95,-104.999113,40.666577,0.990479,6.03158,39.77277,14.44166,0.060587,0.086207,1563
96,-104.998994,40.666577,0.932217,6.47051,39.46435,14.50365,0.067365,0.096507,1563
97,-104.998876,40.666577,1.06745,7.02829,39.9545,14.60612,0.06824,0.098148,1563
98,-104.998758,40.666577,1.15907,7.74328,40.35896,14.64686,0.067135,0.097412,1563
99,-104.998639,40.666577,1.22608,8.71451,40.57178,14.5855,0.073642,0.108017,1563
100,-104.998521,40.666577,1.34202,9.47179,41.50472,15.02237,0.081698,0.121376,1563
101,-104.998403,40.666577,1.42928,10.1614,41.91335,15.35696,0.080955,0.121976,1562
102,-104.998285,40.666577,1.48548,10.3247,42.34101,15.61395,0.08172,0.124614,1562
103,-104.998166,40.666577,1.50784,11.3769,42.14948,15.81166,0.081562,0.123413,1561
104,-104.998048,40.666577,1.50995,11.8667,41.76073,15.96134,0.078878,0.11687,1561
105,-104.99793,40.666577,1.4968,12.0085,42.09055,16.09954,0.077535,0.113669,1561
106,-104.997811,40.666577,1.44923,11.9535,42.92831,16.24888,0.071802,0.104962,1561
107,-104.997693,40.666577,1.39483,11.9345,43.59965,16.27847,0.074935,0.109316,1561
108,-104.997575,40.666577,1.35241,12.1058,43.63865,16.38502,0.070871,0.103122,1562
109,-104.997456,40.666577,1.35142,11.8954,44.07064,16.66398,0.075929,0.110794,1562
110,-104.997338,40.666577,1.3812,12.4566,44.04555,16.93538,0.07531,0.109948,1562
111,-104.99722,40.666577,1.4086,13.1404,44.43371,16.98105,0.071148,0.104578,1562
112,-104.997101,40.666577,1.44169,13.7039,44.56184,16.97608,0.075511,0.111762,1562
113,-104.996983,40.666577,1.53239,14.6442,44.64603,17.20994,0.078807,0.117852,1562
114,-104.996865,40.666577,1.61553,15.4964,45.32524,17.584,0.076339,0.115152,1562
115,-104.996746,40.666577,1.67777,16.2053,45.73289,17.92527,0.07275,0.111226,1561
116,-104.996628,40.666577,1.70455,17.8873,46.14562,18.58094,0.07619,0.117277,1561
117,-104.99651,40.666577,1.73647,17.7959,46.66534,19.01058,0.079127,0.122234,1560
118,-104.999586,40.666487,1.15984,4.39399,40.88261,14.37239,0.063562,0.091671,1563
119,-104.999468,40.666487,1.16202,4.44456,40.65295,14.27353,0.06429,0.09286,1563
120,-104.999349,40.666487,1.15178,4.7859,40.48603,14.42295,0.064235,0.092687,1563
121,-104.999231,40.666487,1.09469,4.89175,40.3233,14.57055,0.058918,0.084761,1563
122,-104.999113,40.666487,1.0477,5.79113,40.06208,14.65467,0.061697,0.088561,1563
123,-104.998994,40.666487,1.04021,6.16077,39.78818,14.71891,0.067394,0.096596,1563
124,-104.998876,40.666487,1.11278,6.75772,40.24221,14.7458,0.065301,0.093851,1563
125,-104.998758,40.666487,1.1946,7.39049,40.62815,14.77709,0.064169,0.093587,1563
126,-104.998639,40.666487,1.27538,8.08238,40.9693,14.80241,0.074951,0.109938,1563
127,-104.998521,40.666487,1.39545,9.05426,41.60881,15.00405,0.079363,0.117275,1563
128,-104.998403,40.666487,1.49283,9.61243,42.17559,15.38095,0.081601,0.121662,1562
129,-104.998285,40.666487,1.53866,10.1103,42.22416,15.65403,0.07937,0.119757,1562
130,-104.998166,40.666487,1.54201,10.9416,42.08345,15.67183,0.08415,0.126506,1561
131,-104.998048,40.666487,1.52998,11.3658,41.6944,15.87569,0.072829,0.109548,1561
132,-104.99793,40.666487,1.49714,11.4848,42.03301,16.02279,0.077279,0.114594,1561
133,-104.997811,40.666487,1.43869,11.8706,42.89629,16.20454,0.07587,0.111756,1561
134,-104.997693,40.666487,1.37369,11.59,43.50064,16.34894,0.073717,0.108844,1561
135,-104.997575,40.666487,1.32515,11.6349,43.77087,16.39292,0.072803,0.10704,1562
136,-104.997456,40.666487,1.33261,12.0624,44.30146,16.62137,0.075279,0.111003,1562
137,-104.997338,40.666487,1.37767,12.0389,44.66745,17.19873,0.070866,0.104247,1562
138,-104.99722,40.666487,1.41555,12.8088,45.25648,17.51696,0.073997,0.10917,1562
139,-104.997101,40.666487,1.45512,13.5941,45.62896,17.63447,0.072122,0.107178,1562
140,-104.996983,40.666487,1.51791,14.182,45.89687,17.82779,0.07365,0.110445,1562
141,-104.996865,40.666487,1.6006,15.3173,46.16369,18.14973,0.070723,0.107472,1562
142,-104.996746,40.666487,1.6891,16.5426,46.30243,18.36888,0.07078,0.109015,1561
143,-104.996628,40.666487,1.70755,17.2725,46.37814,18.69082,0.076687,0.118359,1561
144,-104.99651,40.666487,1.74394,17.9482,46.27312,18.70459,0.077221,0.119577,1561
145,-104.999704,40.666397,1.19119,4.30262,40.86907,14.48125,0.06075,0.087768,1563
146,-104.999586,40.666397,1.14919,4.34176,41.02668,14.50612,0.064736,0.094268,1563
147,-104.999468,40.666397,1.12884,4.60569,41.12593,14.55086,0.058849,0.086207,1563
148,-104.999349,40.666397,1.13941,4.68777,40.66497,14.55189,0.066377,0.096682,1563
149,-104.999231,40.666397,1.12171,5.33568,40.67012,14.76015,0.061617,0.089957,1563
150,-104.999113,40.666397,1.10002,5.5999,40.59303,14.74951,0.066091,0.095775,1563
151,-104.998994,40.666397,1.10743,5.91729,40.67722,14.77979,0.067754,0.09826,1563
152,-104.998876,40.666397,1.16377,6.27607,40.69613,14.82246,0.069351,0.101092,1563
153,-104.998758,40.666397,1.24595,7.01705,40.85429,14.86692,0.073058,0.107872,1563
154,-104.998639,40.666397,1.3383,7.59551,40.9693,14.74976,0.075966,0.113886,1563
155,-104.998521,40.666397,1.45968,8.65122,41.65963,14.90824,0.07671,0.114527,1563
156,-104.998403,40.666397,1.57368,9.19995,41.93798,15.08508,0.079713,0.118428,1562
157,-104.998285,40.666397,1.59718,9.75111,42.39342,15.63847,0.081395,0.121588,1562
158,-104.998166,40.666397,1.57449,10.1388,42.3476,15.72932,0.07688,0.115097,1561
159,-104.998048,40.666397,1.55088,10.872,42.40388,15.91688,0.081287,0.121227,1561
160,-104.99793,40.666397,1.49986,11.327,42.66378,16.08748,0.078598,0.117153,1561
161,-104.997811,40.666397,1.42532,11.1015,43.20776,16.25268,0.076294,0.113749,1561
162,-104.997693,40.666397,1.34807,11.3581,43.5862,16.20825,0.076889,0.114511,1561
163,-104.997575,40.666397,1.3083,11.5305,43.87736,16.35816,0.071334,0.106383,1562
164,-104.997456,40.666397,1.33394,11.4294,44.32084,16.65812,0.074454,0.110674,1562
165,-104.997338,40.666397,1.38308,12.1721,44.94245,17.2327,0.07165,0.106825,1562
166,-104.99722,40.666397,1.42865,12.6193,45.81925,17.89321,0.070798,0.105211,1562
167,-104.997101,40.666397,1.46027,13.5276,46.47404,18.01794,0.072777,0.107543,1562
168,-104.996983,40.666397,1.50283,14.49,46.99951,18.28553,0.078947,0.117705,1562
169,-104.996865,40.666397,1.56864,15.3341,46.85669,18.55832,0.076294,0.115639,1562
170,-104.996746,40.666397,1.64536,16.5326,46.7176,18.7483,0.07619,0.117277,1561
171,-104.996628,40.666397,1.6977,17.4849,46.44262,18.73591,0.081136,0.125263,1561
172,-104.99651,40.666397,1.74098,18.2045,46.49808,18.8833,0.08122,0.126265,1561
173,-104.996392,40.666397,1.75716,18.0278,47.68969,19.88291,0.08123,0.127018,1561
174,-104.999704,40.666307,1.22311,4.40891,41.45759,15.11977,0.060494,0.088068,1563
175,-104.999586,40.666307,1.12744,4.37083,41.50271,15.15939,0.068627,0.100478,1563
176,-104.999468,40.666307,1.08704,4.47091,41.38829,15.1295,0.059241,0.086894,1563
177,-104.999349,40.666307,1.14278,5.00725,41.24747,15.12546,0.066325,0.097083,1563
178,-104.999231,40.666307,1.15122,5.24499,41.06388,14.97816,0.06339,0.093372,1563
179,-104.999113,40.666307,1.14895,5.4118,41.17485,14.84914,0.064647,0.095123,1563
180,-104.998994,40.666307,1.15854,5.7766,41.40879,14.87103,0.074426,0.109398,1563
181,-104.998876,40.666307,1.20395,6.16485,41.33733,14.94985,0.075463,0.112205,1563
182,-104.998758,40.666307,1.29078,6.46865,41.38939,15.13436,0.081369,0.122122,1563
183,-104.998639,40.666307,1.37518,7.5682,41.80611,15.40252,0.080927,0.122522,1563
184,-104.998521,40.666307,1.51708,8.22941,42.24714,15.55901,0.081354,0.123344,1563
185,-104.998403,40.666307,1.70933,8.69328,42.55575,15.6636,0.081903,0.123301,1562
186,-104.998285,40.666307,1.65582,9.65686,42.75397,15.90753,0.087684,0.13219,1562
187,-104.998166,40.666307,1.59388,10.2076,42.95732,15.94222,0.073268,0.10978,1561
188,-104.998048,40.666307,1.57548,10.4223,43.2082,16.0925,0.076778,0.114754,1561
189,-104.99793,40.666307,1.50839,11.0048,43.49555,16.2985,0.078281,0.117324,1561
190,-104.997811,40.666307,1.41216,11.3419,43.90293,16.56224,0.074449,0.111892,1561
191,-104.997693,40.666307,1.31021,11.1479,44.61067,16.97982,0.076812,0.114868,1561
192,-104.997575,40.666307,1.2737,11.2321,44.79931,17.21542,0.073759,0.111449,1562
193,-104.997456,40.666307,1.33011,11.5914,45.23009,17.63567,0.079335,0.119637,1562
194,-104.997338,40.666307,1.39552,11.9888,45.80658,17.98018,0.072067,0.108861,1562
195,-104.99722,40.666307,1.45011,12.4125,46.57214,18.37683,0.069303,0.103896,1562
196,-104.997101,40.666307,1.4565,13.5114,47.30882,18.36193,0.078878,0.11687,1562
197,-104.996983,40.666307,1.47996,14.481,47.65722,18.67361,0.077306,0.115289,1562
198,-104.996865,40.666307,1.51625,15.539,47.59738,18.93498,0.071652,0.108081,1562
199,-104.996746,40.666307,1.60788,16.6827,47.28428,19.18793,0.078484,0.119959,1561
200,-104.996628,40.666307,1.68112,17.408,47.02303,19.37657,0.080711,0.125133,1561
201,-104.99651,40.666307,1.7444,17.7357,47.50797,19.85649,0.071165,0.111835,1561
202,-104.996392,40.666307,1.74487,17.8487,48.9533,20.23193,0.073145,0.11549,1561
203,-104.999704,40.666216,1.27472,4.62644,41.71214,15.13864,0.06408,0.09387,1562
204,-104.999586,40.666216,1.18599,4.53134,42.1389,15.41557,0.061983,0.090562,1562
205,-104.999468,40.666216,1.15247,4.68404,41.92389,15.34698,0.064849,0.094627,1563
206,-104.999349,40.666216,1.17869,4.92298,41.64276,15.30678,0.061071,0.089345,1563
207,-104.999231,40.666216,1.18593,5.02361,41.50388,14.99187,0.065332,0.096182,1564
208,-104.999113,40.666216,1.19174,5.2749,41.54839,14.91886,0.071148,0.104578,1564
209,-104.998994,40.666216,1.18554,5.61503,41.7387,14.97008,0.07587,0.111756,1564
210,-104.998876,40.666216,1.21343,5.79382,41.7672,15.09333,0.075711,0.11242,1564
211,-104.998758,40.666216,1.26991,6.41392,41.93909,15.2455,0.075364,0.111874,1564
212,-104.998639,40.666216,1.3621,7.24763,42.37878,15.75373,0.076686,0.113837,1564
213,-104.998521,40.666216,1.50098,7.91282,42.86848,15.96863,0.081903,0.123301,1564
214,-104.998403,40.666216,1.69396,8.70596,43.41302,16.23746,0.083445,0.12666,1563
215,-104.998285,40.666216,1.62976,9.70097,43.5256,16.26368,0.079477,0.120122,1563
216,-104.998166,40.666216,1.568,10.3534,43.47735,16.16219,0.075683,0.113557,1562
217,-104.998048,40.666216,1.55001,10.6877,43.89549,16.26481,0.075717,0.113671,1562
218,-104.99793,40.666216,1.49338,11.1354,44.1709,16.48817,0.081126,0.121927,1562
219,-104.997811,40.666216,1.40207,11.4391,44.45592,16.81051,0.075501,0.113568,1561
220,-104.997693,40.666216,1.30882,11.3739,45.25478,17.3805,0.076123,0.115053,1561
221,-104.997575,40.666216,1.27674,11.5161,45.75666,17.92378,0.074224,0.113052,1561
222,-104.997456,40.666216,1.32336,11.7525,46.16446,18.24464,0.07377,0.112135,1561
223,-104.997338,40.666216,1.38723,12.1459,46.60702,18.45659,0.078698,0.120041,1561
224,-104.99722,40.666216,1.44815,12.8821,47.15866,18.54335,0.080616,0.122753,1561
225,-104.997101,40.666216,1.43258,13.4123,47.90491,18.58077,0.076316,0.114443,1561
226,-104.996983,40.666216,1.45346,14.5242,48.42231,18.88177,0.069457,0.104418,1561
227,-104.996865,40.666216,1.50572,15.6129,48.23184,19.24509,0.07037,0.106905,1561
228,-104.996747,40.666216,1.57726,16.3976,48.01089,19.53303,0.071364,0.109718,1561
229,-104.996628,40.666216,1.65491,17.1983,48.0571,20.16741,0.073129,0.113965,1561
230,-104.99651,40.666216,1.78288,17.8101,48.87917,20.9816,0.073145,0.11549,1561
231,-104.996392,40.666216,1.72863,17.6954,49.66759,21.22982,0.07467,0.118197,1561
232,-104.999823,40.666126,1.37379,4.64537,41.99951,15.46087,0.072955,0.106954,1562
233,-104.999704,40.666126,1.32253,4.64119,41.99005,15.38685,0.067145,0.098002,1562
234,-104.999586,40.666126,1.26692,4.62369,41.97864,15.21396,0.066234,0.096226,1562
235,-104.999468,40.666126,1.24333,4.8111,41.80634,15.17567,0.066999,0.097538,1563
236,-104.999349,40.666126,1.22914,4.83749,41.55404,14.97495,0.060339,0.088137,1563
237,-104.999231,40.666126,1.21225,4.89315,41.71214,15.05247,0.0622,0.091258,1564
238,-104.999113,40.666126,1.20064,5.14866,41.73955,14.97992,0.065474,0.096061,1564
239,-104.998994,40.666126,1.19125,5.33135,41.82533,15.06219,0.062146,0.091083,1564
240,-104.998876,40.666126,1.20136,5.65048,41.98524,15.1749,0.065189,0.095719,1564
241,-104.998758,40.666126,1.23682,6.25707,42.15348,15.36362,0.071056,0.103711,1564
242,-104.998639,40.666126,1.31328,6.87963,42.30124,15.49993,0.070841,0.103025,1564
243,-104.998521,40.666126,1.42103,7.78205,43.03246,15.99464,0.066528,0.097737,1564
244,-104.998403,40.666126,1.52222,8.66108,43.25074,16.07086,0.07452,0.110892,1563
245,-104.998285,40.666126,1.52848,9.52316,43.39349,16.16183,0.07288,0.108481,1563
246,-104.998166,40.666126,1.5061,10.3692,43.87107,16.19635,0.072905,0.107963,1562
247,-104.998048,40.666126,1.49866,10.8063,44.37824,16.41882,0.076361,0.113974,1562
248,-104.99793,40.666126,1.46828,11.473,44.55664,16.63286,0.078562,0.117647,1562
249,-104.997811,40.666126,1.39398,11.5944,44.6099,16.88098,0.077931,0.116766,1561
250,-104.997693,40.666126,1.32236,11.6013,44.76587,17.18235,0.079195,0.119797,1561
251,-104.997575,40.666126,1.29505,11.7201,45.26197,17.61773,0.073342,0.110662,1561
252,-104.997456,40.666126,1.31264,11.9309,45.82064,18.00481,0.074411,0.113043,1561
253,-104.997338,40.666126,1.34622,12.4233,46.41468,18.18061,0.079378,0.122438,1561
254,-104.99722,40.666126,1.37587,13.0063,47.20335,18.51502,0.0812,0.124804,1561
255,-104.997101,40.666126,1.38732,13.5157,48.09165,18.5322,0.071973,0.109184,1561
256,-104.996983,40.666126,1.41879,14.6135,48.69369,18.81428,0.071844,0.10874,1561
257,-104.996865,40.666126,1.48299,15.5849,48.32632,19.08155,0.072456,0.1102,1561
258,-104.996747,40.666126,1.54699,16.2929,47.98428,19.29524,0.07336,0.112029,1561
259,-104.996628,40.666126,1.60953,16.9597,48.84898,19.79076,0.069672,0.107822,1561
260,-104.99651,40.666126,1.67775,17.2452,49.3272,20.47182,0.071592,0.111229,1561
261,-104.996392,40.666126,1.68419,17.266,49.33579,20.66397,0.074983,0.116427,1561
262,-104.999823,40.666036,1.43083,4.64705,42.5654,15.76007,0.075132,0.111111,1562
263,-104.999704,40.666036,1.37832,4.5864,42.58208,15.6631,0.072364,0.106199,1562
264,-104.999586,40.666036,1.34254,4.70927,42.29736,15.43247,0.06778,0.099471,1562
265,-104.999468,40.666036,1.34386,4.79453,42.21246,15.28242,0.06658,0.097328,1563
266,-104.999349,40.666036,1.28232,4.72653,42.1511,15.20002,0.067203,0.098189,1563
267,-104.999231,40.666036,1.23244,4.76621,42.10957,15.17817,0.066186,0.097209,1564
268,-104.999113,40.666036,1.20495,4.96388,42.01157,15.06701,0.064765,0.094358,1564
269,-104.998994,40.666036,1.18182,5.06498,41.93284,15.10815,0.062473,0.090995,1564
270,-104.998876,40.666036,1.17158,5.40869,42.17504,15.24985,0.067662,0.09909,1564
271,-104.998758,40.666036,1.18264,5.74229,42.39478,15.41332,0.069231,0.100709,1564
272,-104.998639,40.666036,1.23515,6.75995,42.60954,15.61549,0.066429,0.096289,1564
273,-104.998521,40.666036,1.31194,7.49162,42.98563,15.91889,0.067281,0.097872,1564
274,-104.998403,40.666036,1.37123,8.38613,43.07531,16.04893,0.071833,0.105062,1563
275,-104.998285,40.666036,1.39634,9.44637,43.62718,16.19251,0.075244,0.109739,1563
276,-104.998166,40.666036,1.4107,10.0947,43.97493,16.22968,0.064961,0.09556,1562
277,-104.998048,40.666036,1.43399,10.9161,44.47467,16.48516,0.073179,0.107677,1562
278,-104.99793,40.666036,1.45881,11.5205,44.64631,16.69545,0.074407,0.109922,1562
279,-104.997811,40.666036,1.37412,11.4982,44.68536,16.90044,0.074356,0.110348,1561
280,-104.997693,40.666036,1.31546,11.7,44.86995,17.18446,0.072128,0.108434,1561
281,-104.997575,40.666036,1.29725,12.0154,45.16649,17.57258,0.070461,0.107884,1561
282,-104.997456,40.666036,1.29077,12.0933,45.7169,17.98686,0.073973,0.114894,1561
283,-104.997338,40.666036,1.29322,12.1691,46.56525,18.29079,0.073917,0.115405,1561
284,-104.99722,40.666036,1.29506,13.0309,46.92964,18.19815,0.077256,0.119703,1561
285,-104.997101,40.666036,1.31813,13.6164,47.68436,18.26177,0.071492,0.107538,1561
286,-104.996983,40.666036,1.36249,14.4824,48.29659,18.46427,0.070452,0.104668,1561
287,-104.996865,40.666036,1.44382,15.2615,47.92061,18.64676,0.068905,0.102564,1561
288,-104.996747,40.666036,1.50133,16.0504,47.68335,18.93292,0.070416,0.105159,1561
289,-104.996628,40.666036,1.54197,16.3039,48.42466,19.52924,0.067325,0.102249,1561
290,-104.99651,40.666036,1.58837,16.7189,49.29302,20.25187,0.072559,0.111227,1561
291,-104.996392,40.666036,1.61771,16.5415,49.20218,20.28078,0.077984,0.119543,1561
292,-104.999823,40.665946,1.49357,4.5875,43.0995,15.93601,0.080894,0.119922,1563
293,-104.999704,40.665946,1.42859,4.62637,42.78175,15.6946,0.078008,0.1158,1563
294,-104.999586,40.665946,1.38103,4.61801,42.58768,15.55707,0.080269,0.119059,1563
295,-104.999468,40.665946,1.36142,4.61825,42.20267,15.37154,0.07362,0.108527,1564
296,-104.999349,40.665946,1.29577,4.67943,42.44319,15.31303,0.069532,0.101671,1564
297,-104.999231,40.665946,1.23551,4.56801,42.30275,15.22008,0.064024,0.09369,1564
298,-104.999113,40.665946,1.20234,4.54794,42.2392,15.06735,0.067872,0.098631,1564
299,-104.998994,40.665946,1.16429,4.8496,42.21047,15.10915,0.068049,0.099193,1564
300,-104.998876,40.665946,1.1337,5.12209,42.37394,15.23616,0.067603,0.098901,1564
301,-104.998758,40.665946,1.12846,5.38908,42.53397,15.43269,0.064374,0.093121,1564
302,-104.998639,40.665946,1.16569,6.5521,42.69054,15.65139,0.062944,0.090824,1563
303,-104.998521,40.665946,1.22007,7.19188,42.6354,15.88664,0.07149,0.102873,1563
304,-104.998403,40.665946,1.25883,8.09189,43.2529,16.08666,0.072747,0.10463,1562
305,-104.998285,40.665946,1.28502,9.1187,43.61058,16.18238,0.071059,0.102612,1562
306,-104.998166,40.665946,1.31574,9.93325,43.88751,16.23451,0.06731,0.097965,1561
307,-104.998048,40.665946,1.34918,10.5624,44.28432,16.39805,0.067813,0.098446,1561
308,-104.99793,40.665946,1.39911,11.4061,44.44869,16.57955,0.069935,0.102392,1561
309,-104.997811,40.665946,1.32766,11.4635,44.52541,16.85346,0.074336,0.110891,1561
310,-104.997693,40.665946,1.28556,11.3838,44.75241,17.05924,0.067525,0.10229,1561
311,-104.997575,40.665946,1.27472,11.6043,44.95863,17.43323,0.073064,0.110997,1560
312,-104.997456,40.665946,1.26019,11.9701,45.35767,17.87115,0.076202,0.116641,1560
313,-104.997338,40.665946,1.2485,11.9599,46.10783,17.88946,0.073427,0.112261,1560
314,-104.99722,40.665946,1.22179,12.843,46.33431,17.86692,0.071812,0.108629,1560
315,-104.997101,40.665946,1.25625,13.3298,46.79201,17.79042,0.064644,0.095703,1560
316,-104.996983,40.665946,1.29869,13.9586,47.12928,17.97424,0.067184,0.0987,1559
317,-104.996865,40.665946,1.36382,14.6107,47.13998,18.20191,0.067721,0.099281,1559
318,-104.996747,40.665946,1.42618,15.5362,47.24602,18.69585,0.07021,0.103282,1559
319,-104.996628,40.665946,1.47697,15.4585,47.77047,19.33189,0.075149,0.111768,1559
320,-104.99651,40.665946,1.52052,15.7927,48.1493,19.89822,0.072257,0.108871,1560
321,-104.996392,40.665946,1.55805,15.5464,49.62012,21.03324,0.072391,0.109974,1560
322,-104.996273,40.665946,1.6135,15.1157,49.81131,21.35091,0.074746,0.114212,1560
323,-104.999823,40.665856,1.51996,4.5593,43.75163,16.04354,0.087232,0.128255,1563
324,-104.999704,40.665856,1.46636,4.52276,43.42984,15.90172,0.084794,0.125,1563
325,-104.999586,40.665856,1.39927,4.46518,42.79089,15.74809,0.081472,0.120039,1563
326,-104.999468,40.665856,1.33707,4.46455,42.61547,15.61526,0.07536,0.110683,1564
327,-104.999349,40.665856,1.28004,4.3681,42.68312,15.44448,0.070684,0.103088,1564
328,-104.999231,40.665856,1.21835,4.33869,42.59663,15.2356,0.070348,0.102022,1564
329,-104.999113,40.665856,1.17153,4.46187,42.56275,15.02471,0.067872,0.098631,1564
330,-104.998994,40.665856,1.12603,4.54062,42.57807,15.00285,0.069888,0.101124,1564
331,-104.998876,40.665856,1.08245,4.722,42.59163,15.08549,0.064401,0.093208,1564
332,-104.998758,40.665856,1.05144,5.42785,42.65833,15.31384,0.070297,0.100782,1564
333,-104.998639,40.665856,1.08954,6.06841,42.52357,15.57211,0.068225,0.097572,1563
334,-104.998521,40.665856,1.12983,6.83184,42.71674,15.78069,0.068995,0.098361,1563
335,-104.998403,40.665856,1.15015,7.61957,42.87876,16.016,0.075064,0.106498,1562
336,-104.998285,40.665856,1.18121,8.75875,43.50739,16.14564,0.072797,0.103731,1562
337,-104.998166,40.665856,1.20917,9.38285,43.64516,16.11203,0.071368,0.101449,1561
338,-104.998048,40.665856,1.22138,10.0265,43.85437,16.16738,0.065882,0.093538,1561
339,-104.99793,40.665856,1.24436,10.832,44.00094,16.2944,0.072565,0.104603,1561
340,-104.997811,40.665856,1.24612,10.8162,44.11895,16.47504,0.077821,0.112888,1561
341,-104.997693,40.665856,1.2311,11.0095,44.37058,16.76015,0.076832,0.111425,1561
342,-104.997575,40.665856,1.22242,11.3227,44.48145,17.01406,0.074238,0.107663,1560
343,-104.997456,40.665856,1.22026,11.183,44.814,17.16546,0.072575,0.105737,1560
344,-104.997338,40.665856,1.20848,11.5931,45.49992,17.39665,0.072364,0.106199,1560
345,-104.99722,40.665856,1.19456,11.9332,45.53866,17.24823,0.075098,0.109838,1560
346,-104.997101,40.665856,1.20754,12.814,45.50678,17.20993,0.071675,0.103448,1560
347,-104.996983,40.665856,1.22267,13.1698,45.51041,17.37463,0.069032,0.099535,1559
348,-104.996865,40.665856,1.24936,13.9278,46.02805,17.64576,0.068255,0.098737,1559
349,-104.996747,40.665856,1.33151,14.3687,46.37698,18.02769,0.073099,0.106282,1559
350,-104.996628,40.665856,1.41108,14.5694,46.90897,18.71646,0.076393,0.112289,1559
351,-104.99651,40.665856,1.47074,14.8143,47.41915,19.2128,0.073026,0.107767,1560
352,-104.996392,40.665856,1.52368,14.6937,48.34217,20.09435,0.072783,0.108161,1560
353,-104.996273,40.665856,1.58648,14.2463,50.22915,21.95073,0.074369,0.111001,1560
354,-104.999823,40.665766,1.57065,4.51642,44.27895,16.03551,0.090228,0.131591,1563
355,-104.999704,40.665766,1.50384,4.42399,43.6858,15.92986,0.088159,0.128375,1563
356,-104.999586,40.665766,1.41006,4.38165,43.34421,15.8435,0.082077,0.118581,1563
357,-104.999468,40.665766,1.31533,4.25167,42.90815,15.58003,0.077926,0.112669,1564
358,-104.999349,40.665766,1.26486,4.14447,42.76175,15.36192,0.076981,0.110802,1564
359,-104.999231,40.665766,1.19078,4.08573,42.84686,15.16458,0.079385,0.113449,1564
360,-104.999113,40.665766,1.12386,4.15153,42.77209,14.97723,0.070392,0.100548,1564
361,-104.998994,40.665766,1.08434,4.22403,42.7277,14.8951,0.068602,0.097683,1564
362,-104.998876,40.665766,1.04178,4.50961,42.65881,14.89951,0.065523,0.093479,1564
363,-104.998758,40.665766,0.9462,4.7361,42.62743,15.05597,0.070611,0.100181,1564
364,-104.998639,40.665766,1.04051,5.59908,42.49329,15.18375,0.068541,0.096487,1563
365,-104.998521,40.665766,1.0725,6.20744,42.56012,15.32383,0.067811,0.09482,1563
366,-104.998403,40.665766,1.04747,7.05875,42.71573,15.41317,0.073163,0.102328,1562
367,-104.998285,40.665766,1.09476,7.97991,43.09616,15.74562,0.071279,0.099693,1562
368,-104.998166,40.665766,1.12733,8.84566,43.33678,15.76486,0.067669,0.094406,1561
369,-104.998048,40.665766,1.09029,9.33694,43.38024,15.85937,0.067416,0.093669,1561
370,-104.99793,40.665766,1.11702,9.88064,43.50393,15.90483,0.065354,0.091469,1561
371,-104.997811,40.665766,1.17778,10.1578,43.66989,15.92769,0.066995,0.093874,1561
372,-104.997693,40.665766,1.17867,10.1089,43.68504,16.05061,0.073997,0.103327,1561
373,-104.997575,40.665766,1.17259,10.4133,43.95224,15.9822,0.072509,0.10186,1560
374,-104.997456,40.665766,1.19169,10.4465,44.07114,16.06098,0.073604,0.104129,1560
375,-104.997338,40.665766,1.18077,10.711,44.70504,16.55254,0.074125,0.105192,1560
376,-104.99722,40.665766,1.16675,11.0667,44.74988,16.53708,0.070064,0.099548,1560
377,-104.997101,40.665766,1.1807,11.1371,44.50103,16.58671,0.067516,0.095928,1560
378,-104.996983,40.665766,1.16774,12.2946,44.4594,16.79808,0.067145,0.094812,1559
379,-104.996865,40.665766,1.10046,12.7409,45.20074,17.10128,0.06847,0.096774,1559
380,-104.996747,40.665766,1.26215,13.1177,45.84317,17.42574,0.070367,0.099955,1559
381,-104.996628,40.665766,1.36817,13.5566,46.54048,17.7689,0.076087,0.108577,1559
382,-104.99651,40.665766,1.44149,13.896,47.32152,18.54704,0.082992,0.119814,1560
383,-104.996392,40.665766,1.51179,13.7178,48.05046,19.28035,0.078879,0.115128,1560
384,-104.999823,40.665676,1.62374,4.48461,44.53972,16.08535,0.086538,0.123853,1563
385,-104.999704,40.665676,1.54591,4.44813,44.17815,15.99178,0.082297,0.11819,1563
386,-104.999586,40.665676,1.4452,4.27113,43.64281,15.80562,0.08499,0.121727,1563
387,-104.999468,40.665676,1.33249,4.11593,43.3713,15.6361,0.085659,0.123262,1564
388,-104.999349,40.665676,1.26706,3.99303,43.18411,15.40768,0.080202,0.115438,1564
389,-104.999231,40.665676,1.17259,3.83698,42.93166,15.06571,0.076874,0.108911,1563
390,-104.999113,40.665676,1.06797,3.71244,42.84421,14.92321,0.077183,0.108831,1563
391,-104.998994,40.665676,1.06152,3.90052,42.7245,14.81212,0.070826,0.099822,1563
392,-104.998876,40.665676,1.04033,4.16385,42.69747,14.76746,0.070976,0.100269,1563
393,-104.998758,40.665676,1.01084,4.57856,42.66489,14.85571,0.071338,0.100355,1563
394,-104.998639,40.665676,1.05673,5.2382,42.72214,15.0259,0.073109,0.102655,1562
395,-104.998521,40.665676,1.07287,5.75936,42.76825,15.0489,0.072925,0.102113,1562
396,-104.998403,40.665676,0.988347,6.47777,43.07873,15.22092,0.07661,0.106661,1562
397,-104.998285,40.665676,1.07161,7.40259,43.27355,15.3621,0.071993,0.09987,1562
398,-104.998166,40.665676,1.10872,8.08173,43.18203,15.55485,0.066625,0.092321,1561
399,-104.998048,40.665676,1.0425,8.52528,43.05333,15.57613,0.070749,0.097686,1561
400,-104.99793,40.665676,1.07377,9.03387,43.11044,15.58066,0.071812,0.098892,1561
401,-104.997811,40.665676,1.15964,9.30002,43.28144,15.53874,0.068916,0.095197,1560
402,-104.997693,40.665676,1.16618,9.40126,43.42772,15.40804,0.07311,0.100769,1560
403,-104.997575,40.665676,1.15996,9.64603,43.62938,15.3446,0.076493,0.105852,1560
404,-104.997456,40.665676,1.19075,9.69458,43.78685,15.3471,0.071339,0.09939,1560
405,-104.997338,40.665676,1.17468,9.81561,44.08884,15.52146,0.076463,0.10719,1559
406,-104.99722,40.665676,1.13961,9.76075,44.37552,16.03945,0.072028,0.100926,1559
407,-104.997101,40.665676,1.18423,10.8715,44.07571,16.05898,0.067982,0.095322,1559
408,-104.996983,40.665676,1.17642,11.4939,44.1346,16.37049,0.07116,0.099344,1559
409,-104.996865,40.665676,1.14024,11.8816,45.2722,17.02964,0.06952,0.096943,1559
410,-104.996747,40.665676,1.2614,12.1553,46.4114,17.61264,0.070952,0.098739,1559
411,-104.996628,40.665676,1.36094,12.7153,47.39617,18.31667,0.070253,0.099107,1559
412,-104.99651,40.665676,1.42034,13.0964,48.90416,19.5874,0.078001,0.111827,1559
413,-104.996392,40.665676,1.51357,13.0136,49.96359,20.64617,0.078845,0.113912,1559
414,-104.999704,40.665586,1.6024,4.29681,43.98332,15.79088,0.082657,0.11824,1563
415,-104.999586,40.665586,1.5217,4.14468,43.76473,15.82222,0.085366,0.122355,1563
416,-104.999468,40.665586,1.39696,3.94308,43.29706,15.53775,0.083867,0.119854,1564
417,-104.999349,40.665586,1.29362,3.76439,43.04348,15.15636,0.079485,0.113233,1564
418,-104.999231,40.665586,1.18411,3.59522,42.95572,14.92758,0.080816,0.114196,1563
419,-104.999113,40.665586,1.07316,3.55256,42.88718,14.82887,0.076389,0.10746,1563
420,-104.998994,40.665586,1.06954,3.56033,42.8194,14.69669,0.071309,0.09978,1563
421,-104.998876,40.665586,1.06795,3.85171,42.68935,14.68224,0.070293,0.098246,1563
422,-104.998758,40.665586,1.07933,4.13727,42.59024,14.70572,0.070503,0.098382,1563
423,-104.998639,40.665586,1.12246,4.73275,42.43098,14.75298,0.070952,0.098739,1562
424,-104.998521,40.665586,1.14757,5.36788,42.54666,14.93436,0.071399,0.099563,1562
425,-104.998403,40.665586,1.1255,6.08774,42.86485,15.13299,0.072172,0.100391,1562
426,-104.998285,40.665586,1.14393,7.01345,43.06975,15.20086,0.071162,0.09841,1562
427,-104.998166,40.665586,1.16393,7.50828,42.94023,15.2481,0.068898,0.094692,1561
428,-104.998048,40.665586,1.13815,8.08715,42.80973,15.25012,0.067329,0.092055,1561
429,-104.99793,40.665586,1.15038,8.59641,42.90872,15.28714,0.075398,0.102757,1561
430,-104.997811,40.665586,1.19929,8.49502,43.16159,15.30886,0.072308,0.098947,1560
431,-104.997693,40.665586,1.21572,8.75466,43.41239,15.37075,0.07137,0.097643,1560
432,-104.997575,40.665586,1.21734,8.69631,43.68515,15.3831,0.076323,0.104465,1560
433,-104.997456,40.665586,1.22525,8.71944,43.9768,15.57361,0.070545,0.097104,1560
434,-104.997338,40.665586,1.21388,8.84542,44.43936,15.75934,0.072586,0.100648,1559
435,-104.99722,40.665586,1.19914,9.28821,44.15411,15.65521,0.066487,0.091924,1559
436,-104.997101,40.665586,1.22839,9.82758,43.95335,15.51302,0.071993,0.09987,1559
437,-104.996983,40.665586,1.24376,9.99624,44.19204,16.02888,0.072435,0.100215,1559
438,-104.996865,40.665586,1.25211,11.0586,45.29436,16.85489,0.067183,0.092537,1559
439,-104.996747,40.665586,1.31577,11.3116,46.46814,17.68892,0.073344,0.10098,1559
440,-104.996628,40.665586,1.39378,11.6869,48.23746,19.29874,0.071877,0.100483,1559
441,-104.99651,40.665586,1.45553,12.0703,49.93852,20.83652,0.08072,0.114414,1559
442,-104.996392,40.665586,1.55116,12.0859,51.4427,22.13599,0.084241,0.120476,1559
443,-104.999704,40.665496,1.65818,4.18276,43.68906,15.63163,0.088198,0.125798,1563
444,-104.999586,40.665496,1.60445,4.03678,43.46204,15.61062,0.083636,0.11967,1563
445,-104.999468,40.665496,1.44544,3.8769,43.17,15.3328,0.081158,0.115228,1564
446,-104.999349,40.665496,1.32536,3.61224,42.86222,14.92554,0.079149,0.112727,1564
447,-104.999231,40.665496,1.21922,3.4978,42.78125,14.78264,0.081081,0.11449,1563
448,-104.999113,40.665496,1.13549,3.38154,42.77108,14.72225,0.076335,0.106813,1563
449,-104.998994,40.665496,1.10064,3.42539,42.88942,14.6211,0.070654,0.098346,1563
450,-104.998876,40.665496,1.09535,3.58564,42.57547,14.55967,0.068905,0.09563,1563
451,-104.998758,40.665496,1.12977,3.88132,42.44255,14.53227,0.073003,0.101386,1563
452,-104.998639,40.665496,1.19575,4.26812,42.30119,14.4648,0.073832,0.102376,1562
453,-104.998521,40.665496,1.2571,5.12043,42.6197,14.7016,0.07205,0.099571,1562
454,-104.998403,40.665496,1.24647,5.73852,42.7084,14.86248,0.070035,0.097025,1562
455,-104.998285,40.665496,1.23641,6.38969,42.92064,14.92395,0.068027,0.094032,1562
456,-104.998166,40.665496,1.25387,7.13501,42.85662,15.02121,0.074722,0.102629,1561
457,-104.998048,40.665496,1.23419,7.50344,42.86277,15.06549,0.070025,0.095638,1561
458,-104.99793,40.665496,1.22685,7.74337,42.90472,15.10253,0.072798,0.099002,1561
459,-104.997811,40.665496,1.26431,8.04419,43.03488,15.08523,0.075659,0.103045,1560
460,-104.997693,40.665496,1.2814,8.01896,43.08446,15.05458,0.069711,0.094763,1560
461,-104.997575,40.665496,1.27183,8.0862,43.6775,15.25011,0.074203,0.101171,1560
462,-104.997456,40.665496,1.27638,8.2601,44.19984,15.37462,0.077396,0.105705,1560
463,-104.997338,40.665496,1.27301,8.02335,44.13908,15.40564,0.072071,0.098285,1559
464,-104.99722,40.665496,1.26337,8.29344,44.13584,15.36266,0.071865,0.097713,1559
465,-104.997101,40.665496,1.28645,8.75019,44.11655,15.26825,0.072833,0.099538,1559
466,-104.996983,40.665496,1.32413,9.19544,44.58625,15.9086,0.06807,0.092809,1559
467,-104.996865,40.665496,1.32062,9.8938,45.43203,16.72066,0.074586,0.101801,1559
468,-104.996747,40.665496,1.37041,10.4677,46.52412,17.56227,0.082188,0.112516,1559
469,-104.996628,40.665496,1.44755,10.8253,48.09561,19.2233,0.080812,0.11178,1559
470,-104.99651,40.665496,1.52561,11.267,50.21684,20.9608,0.08097,0.113667,1559
471,-104.996392,40.665496,1.61129,11.4691,51.60018,22.10343,0.084641,0.120145,1559
472,-104.999704,40.665406,1.68077,4.07758,43.48597,15.61986,0.089917,0.12742,1563
473,-104.999586,40.665406,1.6525,3.89061,43.14178,15.2916,0.087335,0.124207,1563
474,-104.999468,40.665406,1.47162,3.75735,42.90416,15.10452,0.089093,0.125952,1562
475,-104.999349,40.665406,1.35295,3.49801,42.60581,14.89243,0.092005,0.130162,1562
476,-104.999231,40.665406,1.25753,3.34137,42.36151,14.6253,0.084369,0.118825,1562
477,-104.999113,40.665406,1.17892,3.27916,42.3545,14.59357,0.083804,0.117157,1562
478,-104.998994,40.665406,1.13667,3.14235,42.32943,14.53583,0.078255,0.109075,1562
479,-104.998876,40.665406,1.13408,3.36986,42.28973,14.51439,0.080363,0.111885,1562
480,-104.998758,40.665406,1.1744,3.67661,42.25237,14.48007,0.08248,0.115199,1562
481,-104.998639,40.665406,1.26315,4.08846,42.42348,14.62301,0.079643,0.1117,1562
482,-104.998521,40.665406,1.42,4.55967,42.76152,14.73459,0.078749,0.110039,1562
483,-104.998403,40.665406,1.35444,5.40429,42.85533,14.86205,0.078816,0.109287,1562
484,-104.998285,40.665406,1.32157,6.08388,42.79979,14.82512,0.072461,0.099829,1562
485,-104.998166,40.665406,1.35633,6.47335,42.78235,14.89316,0.076868,0.105553,1561
486,-104.998048,40.665406,1.31585,6.89665,42.81224,15.01052,0.074203,0.101171,1561
487,-104.99793,40.665406,1.2876,7.22263,42.89486,15.05625,0.077534,0.10522,1561
488,-104.997811,40.665406,1.32964,7.2328,43.05005,15.07505,0.083843,0.114072,1560
489,-104.997693,40.665406,1.34919,7.24285,43.32109,15.2112,0.079044,0.107246,1560
490,-104.997575,40.665406,1.31885,7.56923,44.043,15.33679,0.074251,0.100872,1560
491,-104.997456,40.665406,1.33311,7.44305,44.28072,15.4037,0.07404,0.100289,1560
492,-104.997338,40.665406,1.34617,7.36275,44.27429,15.44155,0.0723,0.098055,1561
493,-104.99722,40.665406,1.31425,7.52815,44.23954,15.38714,0.074663,0.101582,1561
494,-104.997101,40.665406,1.32735,8.13629,44.31902,15.34445,0.078179,0.105718,1561
495,-104.996983,40.665406,1.3662,8.44329,44.92865,15.99798,0.071022,0.096241,1560
496,-104.996865,40.665406,1.35837,9.0091,45.70248,16.8124,0.075764,0.102905,1560
497,-104.996747,40.665406,1.41538,9.42374,46.81152,17.64148,0.076271,0.10388,1560
498,-104.996628,40.665406,1.51957,9.8779,48.53814,19.3639,0.080087,0.110166,1560
499,-104.99651,40.665406,1.59146,10.4183,50.80313,21.25707,0.08283,0.115268,1559
500,-104.999586,40.665316,1.57698,3.80242,43.1303,15.53007,0.091695,0.129234,1563
501,-104.999468,40.665316,1.46046,3.60038,42.7168,15.21261,0.090871,0.127773,1562
502,-104.999349,40.665316,1.3603,3.39876,42.32925,14.99738,0.094476,0.132075,1562
503,-104.999231,40.665316,1.27548,3.29446,42.01355,14.72962,0.089308,0.12511,1562
504,-104.999113,40.665316,1.19957,3.16318,41.89812,14.61251,0.082687,0.115808,1562
505,-104.998994,40.665316,1.16023,3.10945,41.88391,14.51695,0.082933,0.115569,1562
506,-104.998876,40.665316,1.16179,3.23497,41.84258,14.52151,0.08441,0.117493,1562
507,-104.998758,40.665316,1.19663,3.66707,41.91411,14.5856,0.081405,0.114463,1562
508,-104.998639,40.665316,1.2799,4.1558,42.1529,14.72633,0.086068,0.121907,1562
509,-104.998521,40.665316,1.37609,4.3715,42.45716,14.82894,0.086404,0.122412,1562
510,-104.998403,40.665316,1.38053,5.26346,42.65807,14.94845,0.084573,0.11845,1562
511,-104.998285,40.665316,1.36303,5.88207,42.58689,14.94359,0.079046,0.109483,1562
512,-104.998166,40.665316,1.36201,6.10589,42.68368,15.01124,0.079794,0.109787,1561
513,-104.998048,40.665316,1.33152,6.36054,42.77734,15.11501,0.082908,0.112776,1561
514,-104.99793,40.665316,1.30805,6.78512,42.90023,15.19053,0.084146,0.11405,1561
515,-104.997811,40.665316,1.33497,6.60752,43.06485,15.22005,0.079882,0.108705,1560
516,-104.997693,40.665316,1.3499,6.46744,43.43409,15.41754,0.07869,0.107128,1560
517,-104.997575,40.665316,1.34081,6.804,43.74047,15.56358,0.083452,0.113419,1560
518,-104.997456,40.665316,1.3578,6.6998,44.02853,15.71234,0.07373,0.100291,1560
519,-104.997338,40.665316,1.36678,6.44171,44.28848,15.81145,0.074021,0.100666,1561
520,-104.99722,40.665316,1.33786,7.02627,44.2634,15.80066,0.079849,0.108614,1561
521,-104.997101,40.665316,1.3354,7.14028,44.33446,15.79455,0.078499,0.106173,1561
522,-104.996983,40.665316,1.34255,7.49664,44.78644,16.28228,0.071312,0.096614,1560
523,-104.996865,40.665316,1.34984,7.97686,45.88772,17.18308,0.075351,0.102193,1560
524,-104.996747,40.665316,1.42159,8.43696,47.12445,18.09669,0.074021,0.100666,1560
525,-104.996628,40.665316,1.55643,8.78974,48.99505,19.84619,0.079823,0.109421,1560
526,-104.99651,40.665316,1.62713,9.43269,50.95509,21.64088,0.089482,0.124189,1559
527,-104.999586,40.665226,1.52267,3.70007,42.67951,15.70666,0.094163,0.132125,1563
528,-104.999468,40.665226,1.43552,3.49566,42.15394,15.26659,0.094458,0.132509,1562
529,-104.999349,40.665226,1.35193,3.35656,41.65042,15.05431,0.089491,0.125165,1562
530,-104.999231,40.665226,1.2705,3.18769,41.5784,14.8516,0.088604,0.123527,1562
531,-104.999113,40.665226,1.19998,3.07582,41.37191,14.72566,0.082933,0.115569,1562
532,-104.998994,40.665226,1.1666,3.14705,41.26689,14.62779,0.079505,0.110342,1562
533,-104.998876,40.665226,1.17333,3.37946,41.3468,14.62607,0.078358,0.108434,1562
534,-104.998758,40.665226,1.19913,3.60855,41.51515,14.75013,0.080067,0.111498,1562
535,-104.998639,40.665226,1.2682,4.04384,41.53586,14.81647,0.092019,0.13071,1562
536,-104.998521,40.665226,1.34383,4.51558,41.77404,14.91497,0.084543,0.120879,1562
537,-104.998403,40.665226,1.37617,4.75186,42.00665,15.03052,0.084421,0.121031,1562
538,-104.998285,40.665225,1.38047,5.27629,42.19561,15.14321,0.080808,0.113677,1562
539,-104.998166,40.665225,1.36874,5.92893,42.51765,15.25215,0.076556,0.106034,1561
540,-104.998048,40.665225,1.32879,6.05128,42.78657,15.31509,0.079725,0.109145,1561
541,-104.99793,40.665225,1.29756,5.90913,42.91699,15.42061,0.081263,0.110373,1561
542,-104.997811,40.665225,1.33441,6.21289,43.01985,15.52783,0.074172,0.101086,1560
543,-104.997693,40.665225,1.35163,6.19991,43.0984,15.65903,0.068937,0.094356,1560
544,-104.997575,40.665225,1.34344,5.61192,43.31316,15.83572,0.078042,0.106633,1560
545,-104.997456,40.665225,1.36509,6.0321,43.43991,15.95001,0.080625,0.109904,1560
546,-104.997338,40.665225,1.36927,5.68916,44.03001,15.94622,0.074847,0.102092,1561
547,-104.99722,40.665225,1.34307,6.17084,44.14491,16.26055,0.078399,0.106756,1561
548,-104.997101,40.665225,1.33602,6.5543,44.32159,16.19232,0.074862,0.101702,1561
549,-104.996983,40.665225,1.33272,6.86764,44.70487,16.59029,0.073991,0.100582,1560
550,-104.996865,40.665225,1.31017,7.06235,45.54046,17.34146,0.074586,0.101801,1560
551,-104.996747,40.665225,1.39489,7.82025,46.44267,18.05711,0.078045,0.106206,1560
552,-104.996628,40.665225,1.53411,8.29113,47.59401,19.25425,0.073133,0.100381,1560
553,-104.99651,40.665225,1.63186,8.75278,48.98662,20.55863,0.080524,0.111882,1559
554,-104.999468,40.665135,1.40363,3.24129,42.36884,15.6355,0.090498,0.12716,1562
555,-104.999349,40.665135,1.34161,3.29952,41.90206,15.33742,0.086756,0.121479,1562
556,-104.999231,40.665135,1.26351,3.22711,41.3596,15.12057,0.088529,0.122837,1562
557,-104.999113,40.665135,1.18028,3.11394,40.91375,14.9753,0.081897,0.113509,1562
558,-104.998994,40.665135,1.16056,3.11315,40.54917,14.88106,0.076229,0.105558,1562
559,-104.998876,40.665135,1.18079,3.39969,40.89706,14.87071,0.080685,0.111879,1562
560,-104.998758,40.665135,1.20642,3.67963,41.27851,14.98302,0.082603,0.115083,1562
561,-104.998639,40.665135,1.26438,3.99949,41.72218,15.01692,0.087339,0.123707,1563
562,-104.998521,40.665135,1.32943,4.58959,41.6105,15.05361,0.082439,0.118628,1563
563,-104.998403,40.665135,1.37527,4.7818,41.86353,15.14348,0.08209,0.119171,1562
564,-104.998285,40.665135,1.40041,5.13165,42.30223,15.33974,0.076002,0.107803,1562
565,-104.998166,40.665135,1.3947,5.52668,42.43869,15.54639,0.076939,0.107143,1562
566,-104.998048,40.665135,1.34486,5.92563,42.59522,15.65504,0.078006,0.106977,1562
567,-104.99793,40.665135,1.2593,5.55076,42.75304,15.75476,0.078883,0.107667,1562
568,-104.997811,40.665135,1.36411,6.10916,42.92717,15.85157,0.078655,0.107914,1561
569,-104.997693,40.665135,1.38382,5.74692,43.14837,15.84048,0.081391,0.112058,1561
570,-104.997575,40.665135,1.31719,5.15352,43.10644,15.92894,0.078031,0.107957,1561
571,-104.997456,40.665135,1.39498,5.43843,43.4873,16.01061,0.077736,0.107573,1561
572,-104.997338,40.665135,1.39612,5.55948,44.02254,16.17707,0.072017,0.099023,1561
573,-104.99722,40.665135,1.33749,5.41033,44.2746,16.69455,0.077002,0.105485,1561
574,-104.997101,40.665135,1.34679,6.00306,44.41609,16.64592,0.07572,0.103218,1561
575,-104.996983,40.665135,1.34912,6.28987,44.74148,17.09051,0.074769,0.102316,1561
576,-104.996865,40.665135,1.30236,6.61681,45.48159,17.69168,0.082357,0.112992,1561
577,-104.996747,40.665135,1.39956,7.0477,46.3214,18.19046,0.076543,0.105085,1560
578,-104.996628,40.665135,1.54432,7.81287,47.05632,18.99085,0.069364,0.095563,1560
579,-104.999349,40.665045,1.34268,3.39108,41.65995,15.6559,0.082915,0.115993,1562
580,-104.999231,40.665045,1.26963,3.31477,41.28727,15.51625,0.083333,0.115318,1562
581,-104.999113,40.665045,1.17215,3.3015,40.75116,15.29924,0.076103,0.105195,1562
582,-104.998994,40.665045,1.16539,3.49829,40.3155,15.19143,0.080518,0.111398,1562
583,-104.998876,40.665045,1.19232,3.6508,40.74749,15.18649,0.078323,0.108799,1562
584,-104.998758,40.665045,1.22518,3.97326,41.2268,15.35979,0.081241,0.112549,1562
585,-104.998639,40.665045,1.27461,4.42349,41.51498,15.36322,0.081259,0.113547,1563
586,-104.998521,40.665045,1.32836,4.79479,41.69074,15.51325,0.077477,0.109712,1563
587,-104.998403,40.665045,1.3812,5.16964,42.03145,15.60307,0.074207,0.104933,1562
588,-104.998285,40.665045,1.4291,5.47096,42.25861,15.83508,0.073155,0.101828,1562
589,-104.998166,40.665045,1.4475,5.75878,42.392,15.85257,0.074798,0.1033,1562
590,-104.998048,40.665045,1.42487,5.90921,42.45709,15.96531,0.073223,0.100637,1562
591,-104.99793,40.665045,1.40301,5.90167,42.66951,16.09748,0.073608,0.101277,1562
592,-104.997811,40.665045,1.45369,5.83607,42.99121,16.24149,0.075232,0.103625,1561
593,-104.997693,40.665045,1.47239,5.64828,43.30851,16.45513,0.07686,0.105983,1561
594,-104.997575,40.665045,1.45773,5.60242,43.8711,16.57832,0.076314,0.106272,1561
595,-104.997456,40.665045,1.47823,5.36432,44.20165,16.81508,0.076971,0.107236,1561
596,-104.997338,40.665045,1.46746,5.35734,44.57076,17.10646,0.07545,0.104247,1561
597,-104.99722,40.665045,1.40225,5.37216,44.55005,17.12495,0.076963,0.105822,1561
598,-104.997101,40.665045,1.39825,5.62462,44.63357,17.08832,0.077485,0.106401,1561
599,-104.996983,40.665045,1.40477,5.92261,44.96663,17.51093,0.077842,0.106961,1561
600,-104.996865,40.665045,1.41912,6.43535,45.80243,18.12527,0.076323,0.104465,1561
601,-104.996747,40.665045,1.49151,6.89139,46.67401,18.80674,0.078328,0.107889,1560
602,-104.999231,40.664955,1.29262,3.4154,41.38629,15.79015,0.079046,0.109483,1562
603,-104.999113,40.664955,1.22824,3.48011,40.94538,15.57872,0.077898,0.108038,1562
604,-104.998994,40.664955,1.19873,3.3969,40.61931,15.4536,0.079339,0.109402,1562
605,-104.998876,40.664955,1.20513,4.01834,40.91537,15.45412,0.074239,0.102619,1562
606,-104.998758,40.664955,1.24271,4.20924,41.29246,15.6114,0.07764,0.107296,1562
607,-104.998639,40.664955,1.28435,4.7517,41.46831,15.55195,0.076008,0.104925,1563
608,-104.998521,40.664955,1.32731,5.14549,42.21504,15.76385,0.069536,0.096055,1563
609,-104.998403,40.664955,1.38889,5.57178,42.10348,15.93876,0.073648,0.101848,1562
610,-104.998285,40.664955,1.4633,5.84806,42.17889,15.93474,0.07787,0.107495,1562
611,-104.998166,40.664955,1.51705,6.08408,42.41955,16.10216,0.07602,0.104503,1562
612,-104.998048,40.664955,1.52068,6.25205,42.59297,16.1808,0.073872,0.101572,1562
613,-104.99793,40.664955,1.52251,6.30855,42.78655,16.31564,0.073639,0.101363,1562
614,-104.997811,40.664955,1.56495,6.1635,43.00625,16.49651,0.07376,0.101709,1561
615,-104.997693,40.664955,1.58077,6.0637,43.23794,16.56987,0.074066,0.102586,1561
616,-104.997575,40.664955,1.57162,5.81355,43.63342,16.92128,0.080625,0.112174,1561
617,-104.997456,40.664955,1.58208,5.71055,44.40205,17.19686,0.080067,0.111498,1561
618,-104.997338,40.664955,1.56626,5.47812,44.48943,17.24679,0.073842,0.102877,1561
619,-104.99722,40.664955,1.50583,5.47714,44.73046,17.47143,0.075047,0.104014,1561
620,-104.997101,40.664955,1.47039,5.64373,44.92175,17.35699,0.078328,0.107889,1561
621,-104.996983,40.664955,1.46643,5.78075,45.30517,17.78417,0.076313,0.104883,1561
622,-104.996865,40.664955,1.50967,6.34961,46.04176,18.44247,0.076836,0.105464,1561
623,-104.999113,40.664865,1.28078,3.99493,41.38064,15.8705,0.078718,0.109005,1562
624,-104.998994,40.664865,1.24699,4.13287,41.27584,15.73312,0.079632,0.109782,1562
625,-104.998876,40.664865,1.23537,4.3371,41.22568,15.71422,0.074845,0.102979,1562
626,-104.998758,40.664865,1.26959,4.73493,41.3661,15.89884,0.073448,0.100378,1562
627,-104.998639,40.664865,1.2982,5.17659,41.59978,16.06119,0.074416,0.101766,1563
628,-104.998521,40.664865,1.31719,5.59115,42.07726,16.36548,0.07281,0.099915,1563
629,-104.998403,40.664865,1.3968,6.01343,42.4891,16.43006,0.075801,0.103885,1562
630,-104.998285,40.664865,1.49849,6.31764,42.32828,16.45645,0.075092,0.10278,1562
631,-104.998166,40.664865,1.61793,6.58529,42.43555,16.29021,0.073448,0.100378,1562
632,-104.998048,40.664865,1.61641,6.81605,42.79354,16.36938,0.077427,0.105793,1562
633,-104.99793,40.664865,1.62251,6.75147,42.9281,16.50308,0.07885,0.108017,1562
634,-104.997811,40.664865,1.69356,6.58327,43.00341,16.72091,0.078328,0.107889,1561
635,-104.997693,40.664865,1.70026,6.41288,43.38392,17.10208,0.077275,0.107174,1561
636,-104.997575,40.664865,1.67622,6.24155,43.98347,17.42527,0.075953,0.105698,1561
637,-104.997456,40.664865,1.71129,5.99401,44.89597,17.95727,0.078122,0.109163,1561
638,-104.997338,40.664865,1.70151,5.85119,44.82674,17.95399,0.079674,0.111306,1561
639,-104.99722,40.664865,1.60666,5.51371,44.8243,17.8108,0.076218,0.105995,1561
640,-104.997101,40.664865,1.55272,5.82142,45.1508,17.68362,0.073679,0.101935,1561
641,-104.996983,40.664865,1.53382,5.96969,45.68925,18.10797,0.07069,0.097519,1561
642,-104.998994,40.664775,1.29073,4.36326,41.68626,15.91118,0.076313,0.104883,1562
643,-104.998876,40.664775,1.28865,4.75588,41.45257,15.86057,0.07869,0.107128,1562
644,-104.998758,40.664775,1.30517,5.1929,41.44492,16.03185,0.074312,0.10104,1562
645,-104.998639,40.664775,1.3213,5.57992,41.8354,16.31175,0.074525,0.101631,1563
646,-104.998521,40.664775,1.33566,6.05261,41.9528,16.50233,0.080368,0.109623,1563
647,-104.998403,40.664775,1.40809,6.44633,42.05864,16.54662,0.079622,0.107985,1562
648,-104.998285,40.664775,1.51047,6.77843,42.46239,16.55779,0.07433,0.10066,1562
649,-104.998166,40.664775,1.61698,6.95646,42.32394,16.39247,0.070265,0.095436,1562
650,-104.998048,40.664775,1.6488,7.1823,42.64205,16.48785,0.076178,0.10362,1562
651,-104.99793,40.664775,1.66925,7.22735,42.73971,16.58443,0.077623,0.105902,1562
652,-104.997811,40.664775,1.72394,6.98801,42.78621,16.71987,0.080506,0.110453,1561
653,-104.997693,40.664775,1.73565,6.84771,43.33696,17.04483,0.081852,0.112917,1561
654,-104.997575,40.664775,1.72876,6.48381,43.42159,17.34662,0.077694,0.108392,1561
655,-104.997456,40.664775,1.78488,6.2748,43.75262,17.55374,0.079445,0.111603,1561
656,-104.997338,40.664775,1.78933,6.11383,44.95594,18.03397,0.084751,0.118974,1562
657,-104.99722,40.664775,1.6711,5.72894,44.85995,18.03289,0.079443,0.111111,1562
658,-104.997101,40.664775,1.6222,6.01351,45.17306,17.95832,0.077699,0.107932,1562
659,-104.998758,40.664685,1.35243,5.5864,41.41127,16.12869,0.078627,0.106524,1562
660,-104.998639,40.664685,1.35673,5.97736,41.38785,16.39511,0.076758,0.104366,1563
661,-104.998521,40.664685,1.37286,6.51201,41.50747,16.47927,0.082721,0.112688,1563
662,-104.998403,40.664685,1.41976,6.9695,41.59977,16.47866,0.083961,0.113966,1562
663,-104.998285,40.664685,1.50626,7.23536,41.53978,16.51599,0.073134,0.098649,1562
664,-104.998166,40.664685,1.59254,7.49748,42.04865,16.50512,0.072124,0.097571,1562
665,-104.998048,40.664685,1.6515,7.62928,42.075,16.52484,0.074528,0.100782,1562
666,-104.99793,40.664685,1.68718,7.54043,42.22176,16.61302,0.076758,0.104366,1562
667,-104.997811,40.664685,1.7138,7.36064,42.50286,16.76484,0.083828,0.114465,1561
668,-104.997693,40.664685,1.72753,7.15169,42.38234,16.98429,0.08459,0.116617,1561
669,-104.997575,40.664685,1.7388,6.8835,42.81821,17.18945,0.0825,0.114783,1561
670,-104.997456,40.664685,1.76844,6.53283,43.20454,17.41,0.080706,0.113375,1561
671,-104.997338,40.664685,1.76195,6.3561,43.60813,17.66961,0.086417,0.121454,1562
672,-104.998403,40.664595,1.41572,7.39177,41.93379,16.35321,0.078819,0.106628,1562
673,-104.998285,40.664595,1.49551,7.66868,42.04272,16.46132,0.07294,0.098965,1562
674,-104.998166,40.664595,1.57764,7.90341,41.8949,16.44908,0.068571,0.093333,1562
675,-104.998048,40.664595,1.65369,8.08263,41.62802,16.49262,0.07047,0.095573,1562
676,-104.99793,40.664595,1.68944,7.88602,41.91667,16.6206,0.075015,0.102126,1562
677,-104.997811,40.664595,1.6997,7.64579,42.6419,16.83773,0.075062,0.102694,1561
678,-104.997693,40.664595,1.70967,7.58425,43.24,17.06434,0.080096,0.111111,1561
