OBJECTID_1,POINT_X,POINT_Y,NDVI_0607,NDVI_0707,NDVI_0809,SAVI_0607,SAVI_0707,SAVI_0809,Crop,Crop_ID
1,-104.999231,40.666937,0.18822,0.208043,0.348837,0.136589,0.154041,0.254368,Drybeans,0
2,-104.999113,40.666937,0.182401,0.221181,0.393782,0.132307,0.164379,0.284053,Drybeans,0
3,-104.998994,40.666937,0.182668,0.226754,0.403219,0.13288,0.168417,0.289748,Drybeans,0
4,-104.998876,40.666937,0.190335,0.24876,0.388628,0.138609,0.183537,0.281773,Drybeans,0
5,-104.998758,40.666937,0.204872,0.272879,0.403997,0.147218,0.200184,0.290504,Drybeans,0
6,-104.998639,40.666937,0.222661,0.29392,0.447628,0.1592,0.215251,0.316857,Drybeans,0
7,-104.998521,40.666937,0.216894,0.298986,0.524862,0.154934,0.218159,0.36601,Drybeans,0
8,-104.998403,40.666937,0.206709,0.294773,0.53583,0.145346,0.213488,0.372829,Drybeans,0
9,-104.998284,40.666937,0.209177,0.291541,0.537966,0.147682,0.210913,0.375241,Drybeans,0
10,-104.998166,40.666937,0.218834,0.298456,0.534057,0.154757,0.21606,0.371825,Drybeans,0
11,-104.998048,40.666937,0.233137,0.302768,0.537966,0.164048,0.218204,0.375241,Drybeans,0
12,-104.99793,40.666937,0.243682,0.299352,0.556732,0.171756,0.215888,0.388283,Drybeans,0
13,-104.997811,40.666937,0.23139,0.299445,0.55262,0.163636,0.217207,0.38754,Drybeans,0
14,-104.997693,40.666937,0.216606,0.310903,0.524329,0.152672,0.225866,0.368057,Drybeans,0
15,-104.997575,40.666937,0.21978,0.300471,0.5369,0.153715,0.217567,0.374036,Drybeans,0
16,-104.997456,40.666937,0.235049,0.31299,0.540802,0.163303,0.224656,0.376847,Drybeans,0
17,-104.997338,40.666937,0.250704,0.320175,0.521399,0.173002,0.229079,0.363685,Drybeans,0
18,-104.99722,40.666937,0.251301,0.295936,0.510541,0.172664,0.210957,0.356899,Drybeans,0
19,-104.997101,40.666937,0.246729,0.2893,0.522527,0.17069,0.20656,0.362669,Drybeans,0
20,-104.996983,40.666937,0.229296,0.288651,0.538675,0.15657,0.204517,0.374437,Drybeans,0
21,-104.999349,40.666847,0.121272,0.136876,0.374302,0.091226,0.102327,0.270665,Drybeans,0
22,-104.999231,40.666847,0.132822,0.186047,0.43957,0.099156,0.136919,0.311153,Drybeans,0
23,-104.999113,40.666847,0.138311,0.221897,0.45471,0.102707,0.162784,0.319881,Drybeans,0
24,-104.998994,40.666847,0.138272,0.236864,0.458674,0.102231,0.173949,0.322203,Drybeans,0
25,-104.998876,40.666847,0.135967,0.245874,0.494274,0.1,0.17921,0.345612,Drybeans,0
26,-104.998758,40.666847,0.144421,0.260228,0.537006,0.105538,0.190002,0.369108,Drybeans,0
27,-104.998639,40.666847,0.150412,0.28988,0.571666,0.10828,0.209851,0.391821,Drybeans,0
28,-104.998521,40.666847,0.150218,0.322328,0.642874,0.107724,0.231778,0.441196,Drybeans,0
29,-104.998403,40.666847,0.153161,0.325694,0.654909,0.108723,0.232439,0.448238,Drybeans,0
30,-104.998285,40.666847,0.165694,0.317585,0.707971,0.117093,0.227539,0.488112,Drybeans,0
31,-104.998166,40.666847,0.156126,0.3118,0.698387,0.111216,0.225218,0.482969,Drybeans,0
32,-104.998048,40.666847,0.151461,0.312206,0.706901,0.107818,0.226163,0.492285,Drybeans,0
33,-104.99793,40.666847,0.153025,0.302146,0.711101,0.108677,0.218634,0.493553,Drybeans,0
34,-104.997811,40.666847,0.156518,0.312741,0.688805,0.110346,0.226351,0.472656,Drybeans,0
35,-104.997693,40.666847,0.160738,0.326434,0.651235,0.113429,0.23563,0.44416,Drybeans,0
36,-104.997575,40.666847,0.164884,0.303525,0.633816,0.11699,0.219436,0.434643,Drybeans,0
37,-104.997456,40.666847,0.160091,0.317244,0.657035,0.11254,0.22693,0.451204,Drybeans,0
38,-104.997338,40.666847,0.153989,0.304541,0.670874,0.106959,0.216182,0.459343,Drybeans,0
39,-104.99722,40.666847,0.156604,0.275258,0.677938,0.107792,0.194521,0.465977,Drybeans,0
40,-104.997101,40.666847,0.165332,0.275441,0.675689,0.113887,0.193908,0.461199,Drybeans,0
41,-104.996983,40.666847,0.170802,0.275137,0.674747,0.116841,0.192619,0.464969,Drybeans,0
42,-104.996865,40.666847,0.172281,0.259567,0.627742,0.1173,0.180874,0.432027,Drybeans,0
43,-104.999349,40.666757,0.130742,0.163995,0.4047,0.09897,0.121326,0.290746,Drybeans,0
44,-104.999231,40.666757,0.131247,0.199329,0.43957,0.097662,0.145914,0.311153,Drybeans,0
45,-104.999113,40.666757,0.130972,0.215885,0.435506,0.096794,0.157489,0.307619,Drybeans,0
46,-104.998994,40.666757,0.129676,0.243335,0.491872,0.095393,0.17736,0.341393,Drybeans,0
47,-104.998876,40.666757,0.14,0.271344,0.562119,0.102857,0.197904,0.388193,Drybeans,0
48,-104.998758,40.666757,0.142615,0.287179,0.580129,0.103948,0.208264,0.396593,Drybeans,0
49,-104.998639,40.666757,0.150154,0.299604,0.595146,0.10721,0.214016,0.403289,Drybeans,0
50,-104.998521,40.666757,0.151515,0.335972,0.629522,0.107504,0.24005,0.426527,Drybeans,0
51,-104.998403,40.666757,0.159173,0.335674,0.647681,0.112405,0.240113,0.441273,Drybeans,0
52,-104.998285,40.666757,0.157562,0.329258,0.705086,0.111029,0.236117,0.488154,Drybeans,0
53,-104.998166,40.666757,0.155595,0.335924,0.709474,0.110373,0.242317,0.490512,Drybeans,0
54,-104.998048,40.666757,0.160691,0.331023,0.694819,0.114415,0.238353,0.477457,Drybeans,0
55,-104.99793,40.666757,0.156028,0.320934,0.6749,0.111018,0.231297,0.465193,Drybeans,0
56,-104.997811,40.666757,0.149776,0.338448,0.661831,0.10592,0.24577,0.453504,Drybeans,0
57,-104.997693,40.666757,0.15168,0.332189,0.632477,0.10655,0.240373,0.431027,Drybeans,0
58,-104.997575,40.666757,0.162308,0.314039,0.638344,0.114455,0.22648,0.433195,Drybeans,0
59,-104.997456,40.666757,0.159328,0.331864,0.659707,0.11195,0.236842,0.44982,Drybeans,0
60,-104.997338,40.666757,0.157221,0.3035,0.672762,0.110068,0.215997,0.45806,Drybeans,0
61,-104.99722,40.666757,0.157749,0.297225,0.670886,0.109897,0.210393,0.458637,Drybeans,0
62,-104.997101,40.666757,0.1551,0.291875,0.705122,0.107489,0.205082,0.481477,Drybeans,0
63,-104.996983,40.666757,0.159886,0.276304,0.713346,0.109883,0.193342,0.492005,Drybeans,0
64,-104.996865,40.666757,0.16297,0.272392,0.708026,0.110844,0.18967,0.484781,Drybeans,0
65,-104.996746,40.666757,0.172714,0.264486,0.608287,0.117254,0.182974,0.413889,Drybeans,0
66,-104.999468,40.666667,0.095901,0.103931,0.338142,0.073142,0.07901,0.24614,Drybeans,0
67,-104.999349,40.666667,0.123596,0.195383,0.469019,0.092548,0.141662,0.330185,Drybeans,0
68,-104.999231,40.666667,0.129637,0.206295,0.44123,0.095224,0.149969,0.310696,Drybeans,0
69,-104.999113,40.666667,0.139293,0.208547,0.434288,0.102446,0.15124,0.304852,Drybeans,0
70,-104.998994,40.666667,0.131965,0.248185,0.535315,0.096685,0.180025,0.366812,Drybeans,0
71,-104.998876,40.666667,0.137388,0.291118,0.614269,0.099876,0.211725,0.420913,Drybeans,0
72,-104.998758,40.666667,0.145182,0.308419,0.595215,0.105171,0.223074,0.406536,Drybeans,0
73,-104.998639,40.666667,0.144348,0.327457,0.561597,0.10375,0.233697,0.378674,Drybeans,0
74,-104.998521,40.666667,0.156054,0.344086,0.578109,0.110359,0.243449,0.386475,Drybeans,0
75,-104.998403,40.666667,0.158514,0.34029,0.618457,0.111512,0.239158,0.414074,Drybeans,0
76,-104.998285,40.666667,0.167494,0.323663,0.633077,0.118028,0.227582,0.424328,Drybeans,0
77,-104.998166,40.666667,0.157562,0.320889,0.63605,0.111029,0.228,0.427602,Drybeans,0
78,-104.998048,40.666667,0.15239,0.318362,0.627152,0.107461,0.227311,0.421906,Drybeans,0
79,-104.99793,40.666667,0.152271,0.312582,0.604908,0.108091,0.223698,0.407438,Drybeans,0
80,-104.997811,40.666667,0.147865,0.340811,0.607549,0.104444,0.245953,0.412406,Drybeans,0
81,-104.997693,40.666667,0.149131,0.339482,0.596914,0.104353,0.242726,0.40599,Drybeans,0
82,-104.997575,40.666667,0.148114,0.333623,0.603507,0.103338,0.239737,0.408192,Drybeans,0
83,-104.997456,40.666667,0.153527,0.337702,0.640212,0.106982,0.242117,0.436012,Drybeans,0
84,-104.997338,40.666667,0.150812,0.316067,0.663148,0.104726,0.226036,0.452225,Drybeans,0
85,-104.99722,40.666667,0.156926,0.313393,0.660847,0.109459,0.222152,0.451421,Drybeans,0
86,-104.997101,40.666667,0.15568,0.296246,0.681062,0.107674,0.208554,0.46304,Drybeans,0
87,-104.996983,40.666667,0.160458,0.289582,0.68502,0.109708,0.202287,0.46659,Drybeans,0
88,-104.996865,40.666667,0.157488,0.295105,0.667784,0.107002,0.204413,0.455982,Drybeans,0
89,-104.996746,40.666667,0.160059,0.289326,0.635876,0.107968,0.199957,0.429913,Drybeans,0
90,-104.996628,40.666667,0.157791,0.276576,0.573642,0.106007,0.190661,0.38596,Drybeans,0
91,-104.999586,40.666577,0.105158,0.114665,0.289386,0.078884,0.087085,0.213151,Drybeans,0
92,-104.999468,40.666577,0.115338,0.169413,0.506173,0.085999,0.123587,0.354278,Drybeans,0
93,-104.999349,40.666577,0.123231,0.219428,0.53938,0.090575,0.157928,0.376644,Drybeans,0
94,-104.999231,40.666577,0.129732,0.236411,0.494221,0.09431,0.17061,0.343877,Drybeans,0
95,-104.999113,40.666577,0.129915,0.243892,0.45275,0.094215,0.176598,0.312189,Drybeans,0
96,-104.998994,40.666577,0.128772,0.258092,0.526732,0.093653,0.1875,0.359339,Drybeans,0
97,-104.998876,40.666577,0.131962,0.275387,0.566387,0.095573,0.199005,0.386088,Drybeans,0
98,-104.998758,40.666577,0.145045,0.298366,0.558391,0.105442,0.215707,0.376157,Drybeans,0
99,-104.998639,40.666577,0.138554,0.320473,0.54143,0.100124,0.229345,0.363099,Drybeans,0
100,-104.998521,40.666577,0.157333,0.317403,0.537381,0.111789,0.223824,0.357556,Drybeans,0
101,-104.998403,40.666577,0.150808,0.311888,0.577236,0.106599,0.216039,0.381379,Drybeans,0
102,-104.998285,40.666577,0.156605,0.289597,0.592621,0.110036,0.200043,0.3897,Drybeans,0
103,-104.998166,40.666577,0.15598,0.285055,0.589666,0.109491,0.198586,0.390255,Drybeans,0
104,-104.998048,40.666577,0.151211,0.289189,0.578,0.105886,0.204025,0.385333,Drybeans,0
105,-104.99793,40.666577,0.147392,0.284633,0.563013,0.103613,0.202002,0.376538,Drybeans,0
106,-104.997811,40.666577,0.151794,0.308663,0.565217,0.105905,0.221701,0.37931,Drybeans,0
107,-104.997693,40.666577,0.150812,0.308337,0.54468,0.104726,0.21995,0.368453,Drybeans,0
108,-104.997575,40.666577,0.150023,0.322034,0.554577,0.104126,0.231514,0.374092,Drybeans,0
109,-104.997456,40.666577,0.157748,0.324492,0.608507,0.109378,0.231205,0.413329,Drybeans,0
110,-104.997338,40.666577,0.14948,0.323063,0.621648,0.102731,0.230721,0.422311,Drybeans,0
111,-104.99722,40.666577,0.154062,0.312583,0.599808,0.106635,0.222047,0.409031,Drybeans,0
112,-104.997101,40.666577,0.154824,0.308564,0.607486,0.106703,0.217017,0.414267,Drybeans,0
113,-104.996983,40.666577,0.145437,0.310376,0.61165,0.099696,0.216759,0.414474,Drybeans,0
114,-104.996865,40.666577,0.151515,0.309735,0.609398,0.102288,0.214655,0.411072,Drybeans,0
115,-104.996746,40.666577,0.156746,0.29659,0.626255,0.10496,0.205236,0.422272,Drybeans,0
116,-104.996628,40.666577,0.155489,0.290384,0.586777,0.104033,0.199414,0.397301,Drybeans,0
117,-104.99651,40.666577,0.154376,0.294173,0.517008,0.103882,0.202017,0.351504,Drybeans,0
118,-104.999586,40.666487,0.122951,0.195006,0.446848,0.091093,0.140887,0.311684,Drybeans,0
119,-104.999468,40.666487,0.119434,0.215652,0.524804,0.087803,0.155,0.35998,Drybeans,0
120,-104.999349,40.666487,0.126058,0.238721,0.51919,0.0919,0.170918,0.357684,Drybeans,0
121,-104.999231,40.666487,0.132489,0.252393,0.509452,0.096715,0.181326,0.350303,Drybeans,0
122,-104.999113,40.666487,0.129732,0.255694,0.475238,0.09431,0.184897,0.325435,Drybeans,0
123,-104.998994,40.666487,0.126172,0.261277,0.514563,0.091622,0.189897,0.348684,Drybeans,0
124,-104.998876,40.666487,0.130988,0.273359,0.530572,0.09539,0.196522,0.356449,Drybeans,0
125,-104.998758,40.666487,0.139703,0.293963,0.536768,0.101648,0.210614,0.357746,Drybeans,0
126,-104.998639,40.666487,0.141989,0.276652,0.518408,0.102124,0.197484,0.346563,Drybeans,0
127,-104.998521,40.666487,0.15472,0.270777,0.494581,0.110902,0.191853,0.33245,Drybeans,0
128,-104.998403,40.666487,0.150245,0.292818,0.538071,0.106578,0.204195,0.355705,Drybeans,0
129,-104.998285,40.666487,0.15598,0.298229,0.566957,0.109491,0.206629,0.372556,Drybeans,0
130,-104.998166,40.666487,0.156872,0.300184,0.587285,0.109097,0.209332,0.38608,Drybeans,0
131,-104.998048,40.666487,0.154734,0.29385,0.576004,0.107717,0.20607,0.380457,Drybeans,0
132,-104.99793,40.666487,0.152919,0.289745,0.571284,0.106269,0.20505,0.378517,Drybeans,0
133,-104.997811,40.666487,0.159037,0.298587,0.577351,0.109439,0.212846,0.382537,Drybeans,0
134,-104.997693,40.666487,0.153409,0.291592,0.551913,0.105377,0.206503,0.369267,Drybeans,0
135,-104.997575,40.666487,0.154356,0.292349,0.571607,0.106028,0.208255,0.381124,Drybeans,0
136,-104.997456,40.666487,0.151601,0.291015,0.58321,0.104455,0.206143,0.391492,Drybeans,0
137,-104.997338,40.666487,0.152236,0.30701,0.58854,0.104302,0.218342,0.395016,Drybeans,0
138,-104.99722,40.666487,0.154324,0.303232,0.570516,0.105487,0.215907,0.384013,Drybeans,0
139,-104.997101,40.666487,0.159254,0.304775,0.56526,0.1088,0.216094,0.380784,Drybeans,0
140,-104.996983,40.666487,0.159672,0.311956,0.573197,0.108572,0.218129,0.388365,Drybeans,0
141,-104.996865,40.666487,0.157843,0.313488,0.606276,0.105839,0.217419,0.40858,Drybeans,0
142,-104.996746,40.666487,0.160902,0.310792,0.621861,0.107119,0.216033,0.41812,Drybeans,0
143,-104.996628,40.666487,0.158371,0.319471,0.591504,0.105257,0.219671,0.397005,Drybeans,0
144,-104.99651,40.666487,0.15338,0.29312,0.537408,0.10174,0.201861,0.362706,Drybeans,0
145,-104.999704,40.666397,0.122327,0.207531,0.429499,0.088673,0.14862,0.298325,Drybeans,0
146,-104.999586,40.666397,0.118243,0.236668,0.452592,0.086278,0.168903,0.313187,Drybeans,0
147,-104.999468,40.666397,0.123615,0.250887,0.481696,0.089765,0.178511,0.327797,Drybeans,0
148,-104.999349,40.666397,0.126289,0.262032,0.471498,0.091342,0.185919,0.32035,Drybeans,0
149,-104.999231,40.666397,0.128602,0.268142,0.483373,0.092953,0.190966,0.328852,Drybeans,0
150,-104.999113,40.666397,0.126991,0.272648,0.473481,0.091748,0.195788,0.322038,Drybeans,0
151,-104.998994,40.666397,0.132849,0.276116,0.509323,0.096364,0.198773,0.343103,Drybeans,0
152,-104.998876,40.666397,0.135367,0.290237,0.549675,0.097887,0.207373,0.366755,Drybeans,0
153,-104.998758,40.666397,0.145979,0.298794,0.553084,0.104637,0.211754,0.366458,Drybeans,0
154,-104.998639,40.666397,0.152029,0.290234,0.535886,0.107843,0.202841,0.354411,Drybeans,0
155,-104.998521,40.666397,0.15195,0.29863,0.51693,0.107483,0.209168,0.343997,Drybeans,0
156,-104.998403,40.666397,0.154537,0.302578,0.525742,0.109183,0.213012,0.347702,Drybeans,0
157,-104.998285,40.666397,0.156907,0.298358,0.553854,0.111146,0.209079,0.364992,Drybeans,0
158,-104.998166,40.666397,0.149131,0.298134,0.565662,0.104353,0.209176,0.37256,Drybeans,0
159,-104.998048,40.666397,0.156582,0.289914,0.554468,0.109003,0.204097,0.36356,Drybeans,0
160,-104.99793,40.666397,0.154169,0.298923,0.574819,0.106843,0.211294,0.376521,Drybeans,0
161,-104.997811,40.666397,0.14948,0.308653,0.582712,0.102731,0.218895,0.3823,Drybeans,0
162,-104.997693,40.666397,0.149763,0.29417,0.578038,0.10282,0.208034,0.3818,Drybeans,0
163,-104.997575,40.666397,0.151947,0.28365,0.586819,0.104212,0.19983,0.388206,Drybeans,0
164,-104.997456,40.666397,0.156339,0.275533,0.574629,0.107003,0.1936,0.381645,Drybeans,0
165,-104.997338,40.666397,0.155937,0.284685,0.558493,0.1067,0.200847,0.372794,Drybeans,0
166,-104.99722,40.666397,0.152153,0.309577,0.544807,0.103922,0.219705,0.366858,Drybeans,0
167,-104.997101,40.666397,0.156325,0.322709,0.558918,0.106464,0.229775,0.374211,Drybeans,0
168,-104.996983,40.666397,0.160853,0.324966,0.57636,0.109115,0.229867,0.385676,Drybeans,0
169,-104.996865,40.666397,0.158362,0.331222,0.598624,0.106362,0.233121,0.402988,Drybeans,0
170,-104.996746,40.666397,0.15974,0.329026,0.604536,0.106404,0.229162,0.40614,Drybeans,0
171,-104.996628,40.666397,0.156833,0.31901,0.610455,0.10406,0.22075,0.40578,Drybeans,0
172,-104.99651,40.666397,0.16223,0.291884,0.60397,0.107882,0.200239,0.404319,Drybeans,0
173,-104.996392,40.666397,0.148075,0.257742,0.553971,0.099426,0.176451,0.372725,Drybeans,0
174,-104.999704,40.666307,0.132172,0.234622,0.434924,0.096126,0.167714,0.302318,Drybeans,0
175,-104.999586,40.666307,0.131253,0.26447,0.469001,0.095164,0.187737,0.322241,Drybeans,0
176,-104.999468,40.666307,0.128428,0.28118,0.493475,0.092245,0.199177,0.335194,Drybeans,0
177,-104.999349,40.666307,0.123371,0.291015,0.488147,0.088713,0.206143,0.331399,Drybeans,0
178,-104.999231,40.666307,0.133362,0.290723,0.478516,0.096222,0.206712,0.323219,Drybeans,0
179,-104.999113,40.666307,0.12778,0.296723,0.473581,0.091696,0.211223,0.319542,Drybeans,0
180,-104.998994,40.666307,0.137794,0.300718,0.505646,0.098066,0.212563,0.336394,Drybeans,0
181,-104.998876,40.666307,0.140195,0.28977,0.535415,0.099706,0.204387,0.353899,Drybeans,0
182,-104.998758,40.666307,0.158228,0.296583,0.56611,0.111418,0.207987,0.371838,Drybeans,0
183,-104.998639,40.666307,0.150772,0.307371,0.575884,0.105912,0.213549,0.375678,Drybeans,0
184,-104.998521,40.666307,0.151152,0.304227,0.543586,0.105353,0.211154,0.354348,Drybeans,0
185,-104.998403,40.666307,0.160813,0.297048,0.510098,0.111921,0.206941,0.333446,Drybeans,0
186,-104.998285,40.666307,0.151322,0.294813,0.541444,0.106093,0.206897,0.356967,Drybeans,0
187,-104.998166,40.666307,0.149706,0.276346,0.567263,0.105392,0.194545,0.373401,Drybeans,0
188,-104.998048,40.666307,0.147465,0.261164,0.555267,0.102784,0.184121,0.362069,Drybeans,0
189,-104.99793,40.666307,0.148285,0.274944,0.549587,0.103049,0.193743,0.359784,Drybeans,0
190,-104.997811,40.666307,0.150634,0.282005,0.566303,0.103973,0.19962,0.369319,Drybeans,0
191,-104.997693,40.666307,0.14728,0.275924,0.576138,0.101684,0.194574,0.374405,Drybeans,0
192,-104.997575,40.666307,0.15585,0.281839,0.571685,0.107027,0.196684,0.375716,Drybeans,0
193,-104.997456,40.666307,0.157095,0.282478,0.578974,0.107771,0.196547,0.383666,Drybeans,0
194,-104.997338,40.666307,0.154286,0.275878,0.553661,0.105652,0.193373,0.368491,Drybeans,0
195,-104.99722,40.666307,0.154139,0.309686,0.547938,0.105606,0.217387,0.366608,Drybeans,0
196,-104.997101,40.666307,0.158146,0.321988,0.566038,0.108099,0.227868,0.378821,Drybeans,0
197,-104.996983,40.666307,0.163601,0.330058,0.578921,0.111038,0.23391,0.389195,Drybeans,0
198,-104.996865,40.666307,0.153434,0.319381,0.594648,0.103778,0.224138,0.398406,Drybeans,0
199,-104.996746,40.666307,0.150469,0.305646,0.604536,0.10106,0.211609,0.40614,Drybeans,0
200,-104.996628,40.666307,0.153846,0.288805,0.637571,0.102621,0.199092,0.428973,Drybeans,0
201,-104.99651,40.666307,0.162861,0.271687,0.647635,0.107694,0.18595,0.436571,Drybeans,0
202,-104.996392,40.666307,0.155692,0.259684,0.597648,0.102601,0.177412,0.402874,Drybeans,0
203,-104.999704,40.666216,0.135687,0.257549,0.444598,0.098639,0.183081,0.310267,Drybeans,0
204,-104.999586,40.666216,0.138435,0.288651,0.478138,0.100083,0.204517,0.329695,Drybeans,0
205,-104.999468,40.666216,0.134263,0.300401,0.492395,0.09637,0.213293,0.337533,Drybeans,0
206,-104.999349,40.666216,0.129944,0.317418,0.497608,0.093418,0.226165,0.339869,Drybeans,0
207,-104.999231,40.666216,0.131234,0.318662,0.489136,0.094024,0.227578,0.332422,Drybeans,0
208,-104.999113,40.666216,0.134184,0.310924,0.492669,0.095852,0.221487,0.3326,Drybeans,0
209,-104.998994,40.666216,0.135518,0.300045,0.501508,0.096469,0.211836,0.333408,Drybeans,0
210,-104.998876,40.666216,0.141333,0.290901,0.505475,0.100421,0.20577,0.333539,Drybeans,0
211,-104.998758,40.666216,0.152727,0.300813,0.546899,0.107234,0.211922,0.359582,Drybeans,0
212,-104.998639,40.666216,0.158085,0.298103,0.570984,0.11137,0.210013,0.373138,Drybeans,0
213,-104.998521,40.666216,0.14652,0.299954,0.562385,0.102477,0.209429,0.364653,Drybeans,0
214,-104.998403,40.666216,0.144847,0.298834,0.557019,0.100559,0.206997,0.360634,Drybeans,0
215,-104.998285,40.666216,0.16123,0.289401,0.588358,0.111709,0.201713,0.383816,Drybeans,0
216,-104.998166,40.666216,0.153211,0.285324,0.611399,0.107051,0.200043,0.399549,Drybeans,0
217,-104.998048,40.666216,0.154696,0.279599,0.608968,0.107877,0.196124,0.39656,Drybeans,0
218,-104.99793,40.666216,0.166667,0.296496,0.611184,0.115186,0.209479,0.395348,Drybeans,0
219,-104.997811,40.666216,0.154318,0.286364,0.604615,0.106192,0.201064,0.392444,Drybeans,0
220,-104.997693,40.666216,0.147743,0.265325,0.591721,0.101303,0.185659,0.386971,Drybeans,0
221,-104.997575,40.666216,0.15311,0.264421,0.572206,0.104575,0.184165,0.373772,Drybeans,0
222,-104.997456,40.666216,0.149905,0.292976,0.598359,0.102865,0.203902,0.393246,Drybeans,0
223,-104.997338,40.666216,0.154659,0.300738,0.591322,0.105412,0.209512,0.392236,Drybeans,0
224,-104.99722,40.666216,0.156371,0.299122,0.576923,0.106299,0.208128,0.382038,Drybeans,0
225,-104.997101,40.666216,0.150632,0.30137,0.58116,0.102018,0.211087,0.38468,Drybeans,0
226,-104.996983,40.666216,0.150122,0.314673,0.584396,0.10132,0.221739,0.389543,Drybeans,0
227,-104.996865,40.666216,0.146187,0.298277,0.584943,0.099035,0.209732,0.392012,Drybeans,0
228,-104.996747,40.666216,0.147605,0.289425,0.58943,0.099648,0.201031,0.397656,Drybeans,0
229,-104.996628,40.666216,0.1571,0.298013,0.616811,0.104325,0.204811,0.413765,Drybeans,0
230,-104.99651,40.666216,0.156983,0.288361,0.623389,0.103541,0.19772,0.417663,Drybeans,0
231,-104.996392,40.666216,0.162314,0.273934,0.579956,0.106782,0.188069,0.39042,Drybeans,0
232,-104.999823,40.666126,0.148116,0.250331,0.421818,0.106023,0.178489,0.29617,Drybeans,0
233,-104.999704,40.666126,0.131816,0.296345,0.442563,0.095361,0.211591,0.309605,Drybeans,0
234,-104.999586,40.666126,0.135534,0.30968,0.471136,0.097459,0.221723,0.326592,Drybeans,0
235,-104.999468,40.666126,0.142353,0.306247,0.457909,0.101594,0.219566,0.318533,Drybeans,0
236,-104.999349,40.666126,0.135737,0.326058,0.45984,0.096377,0.233876,0.317239,Drybeans,0
237,-104.999231,40.666126,0.127886,0.330719,0.490557,0.090909,0.237435,0.332859,Drybeans,0
238,-104.999113,40.666126,0.138038,0.319149,0.507063,0.098149,0.229544,0.342961,Drybeans,0
239,-104.998994,40.666126,0.129276,0.302857,0.505941,0.091875,0.21644,0.339159,Drybeans,0
240,-104.998876,40.666126,0.1336,0.307155,0.512,0.094993,0.220367,0.341333,Drybeans,0
241,-104.998758,40.666126,0.137698,0.297582,0.537834,0.097031,0.21267,0.35479,Drybeans,0
242,-104.998639,40.666126,0.133965,0.277899,0.54321,0.094446,0.19906,0.356436,Drybeans,0
243,-104.998521,40.666126,0.135714,0.283002,0.577812,0.096203,0.201784,0.379469,Drybeans,0
244,-104.998403,40.666126,0.142728,0.295485,0.59421,0.100382,0.20931,0.388826,Drybeans,0
245,-104.998285,40.666126,0.146827,0.304851,0.605393,0.102061,0.216452,0.39545,Drybeans,0
246,-104.998166,40.666126,0.151459,0.312165,0.640333,0.10528,0.221073,0.417722,Drybeans,0
247,-104.998048,40.666126,0.153881,0.309766,0.650859,0.107441,0.220764,0.427873,Drybeans,0
248,-104.99793,40.666126,0.158093,0.331858,0.666068,0.10879,0.236345,0.437746,Drybeans,0
249,-104.997811,40.666126,0.147711,0.303882,0.642601,0.101645,0.215461,0.422749,Drybeans,0
250,-104.997693,40.666126,0.154243,0.274705,0.642438,0.106518,0.193158,0.423551,Drybeans,0
251,-104.997575,40.666126,0.163148,0.279345,0.611169,0.111257,0.196041,0.399865,Drybeans,0
252,-104.997456,40.666126,0.153551,0.296279,0.632632,0.104712,0.206863,0.415711,Drybeans,0
253,-104.997338,40.666126,0.149059,0.299026,0.634134,0.101356,0.207752,0.417658,Drybeans,0
254,-104.99722,40.666126,0.151008,0.274908,0.602235,0.101588,0.191517,0.397952,Drybeans,0
255,-104.997101,40.666126,0.150725,0.270258,0.594188,0.102407,0.190168,0.395685,Drybeans,0
256,-104.996983,40.666126,0.156025,0.306762,0.6004,0.106371,0.217093,0.400211,Drybeans,0
257,-104.996865,40.666126,0.152227,0.31016,0.58793,0.102685,0.220067,0.394283,Drybeans,0
258,-104.996747,40.666126,0.142857,0.301139,0.564876,0.096753,0.211182,0.380577,Drybeans,0
259,-104.996628,40.666126,0.152965,0.300186,0.576942,0.102174,0.208298,0.389598,Drybeans,0
260,-104.99651,40.666126,0.143001,0.280374,0.593287,0.095148,0.193966,0.398365,Drybeans,0
261,-104.996392,40.666126,0.146761,0.262108,0.56129,0.097185,0.179766,0.375748,Drybeans,0
262,-104.999823,40.666036,0.151459,0.27027,0.400268,0.10528,0.190678,0.283801,Drybeans,0
263,-104.999704,40.666036,0.139103,0.308653,0.43427,0.097833,0.218895,0.305355,Drybeans,0
264,-104.999586,40.666036,0.147929,0.316667,0.434703,0.10379,0.226569,0.304478,Drybeans,0
265,-104.999468,40.666036,0.139182,0.314783,0.389906,0.097178,0.22625,0.276324,Drybeans,0
266,-104.999349,40.666036,0.132407,0.325175,0.365022,0.09206,0.233083,0.25814,Drybeans,0
267,-104.999231,40.666036,0.130996,0.314111,0.41209,0.09126,0.225204,0.287015,Drybeans,0
268,-104.999113,40.666036,0.134219,0.29869,0.464775,0.09385,0.214196,0.319502,Drybeans,0
269,-104.998994,40.666036,0.132574,0.287599,0.490539,0.092971,0.205488,0.332493,Drybeans,0
270,-104.998876,40.666036,0.135655,0.298094,0.52892,0.094831,0.214642,0.355677,Drybeans,0
271,-104.998758,40.666036,0.133241,0.281411,0.537538,0.092846,0.203358,0.358159,Drybeans,0
272,-104.998639,40.666036,0.127523,0.267327,0.550459,0.089103,0.193137,0.363066,Drybeans,0
273,-104.998521,40.666036,0.130115,0.276248,0.548126,0.090802,0.199627,0.362763,Drybeans,0
274,-104.998403,40.666036,0.13691,0.28887,0.54897,0.095238,0.208047,0.365063,Drybeans,0
275,-104.998285,40.666036,0.137512,0.304045,0.591267,0.095084,0.218483,0.390816,Drybeans,0
276,-104.998166,40.666036,0.144068,0.302528,0.60531,0.099265,0.217146,0.398845,Drybeans,0
277,-104.998048,40.666036,0.141248,0.315927,0.627706,0.097495,0.22697,0.414193,Drybeans,0
278,-104.99793,40.666036,0.15528,0.335083,0.641601,0.10614,0.240075,0.42312,Drybeans,0
279,-104.997811,40.666036,0.14914,0.290295,0.624304,0.101916,0.209027,0.413296,Drybeans,0
280,-104.997693,40.666036,0.146947,0.285586,0.619632,0.100522,0.202155,0.407989,Drybeans,0
281,-104.997575,40.666036,0.156863,0.277879,0.633671,0.105727,0.194539,0.413437,Drybeans,0
282,-104.997456,40.666036,0.147203,0.264125,0.611691,0.099163,0.184413,0.398098,Drybeans,0
283,-104.997338,40.666036,0.14973,0.263752,0.614803,0.100838,0.181867,0.400419,Drybeans,0
284,-104.99722,40.666036,0.156746,0.252799,0.593638,0.10496,0.175065,0.390088,Drybeans,0
285,-104.997101,40.666036,0.149853,0.247302,0.560149,0.101057,0.17464,0.37421,Drybeans,0
286,-104.996983,40.666036,0.15086,0.280959,0.56213,0.101544,0.199769,0.37765,Drybeans,0
287,-104.996865,40.666036,0.148368,0.295162,0.558276,0.099513,0.209867,0.376486,Drybeans,0
288,-104.996747,40.666036,0.138298,0.286035,0.541016,0.093914,0.202137,0.365435,Drybeans,0
289,-104.996628,40.666036,0.148111,0.274645,0.53513,0.099069,0.191946,0.364351,Drybeans,0
290,-104.99651,40.666036,0.152218,0.261609,0.540691,0.101026,0.182567,0.367411,Drybeans,0
291,-104.996392,40.666036,0.14503,0.258155,0.543468,0.09593,0.178864,0.368173,Drybeans,0
292,-104.999823,40.665946,0.149735,0.26603,0.384547,0.101923,0.186742,0.272526,Drybeans,0
293,-104.999704,40.665946,0.151059,0.296783,0.367582,0.104108,0.208732,0.261665,Drybeans,0
294,-104.999586,40.665946,0.159981,0.308142,0.338638,0.110089,0.217552,0.241285,Drybeans,0
295,-104.999468,40.665946,0.152657,0.30531,0.313984,0.10372,0.217437,0.22434,Drybeans,0
296,-104.999349,40.665946,0.136432,0.30477,0.292199,0.09098,0.217254,0.208534,Drybeans,0
297,-104.999231,40.665946,0.139901,0.286529,0.382557,0.09404,0.204959,0.266445,Drybeans,0
298,-104.999113,40.665946,0.134458,0.267249,0.403068,0.091475,0.191649,0.279617,Drybeans,0
299,-104.998994,40.665946,0.133109,0.262742,0.402169,0.090701,0.187814,0.276888,Drybeans,0
300,-104.998876,40.665946,0.140633,0.271686,0.451534,0.09517,0.193984,0.305403,Drybeans,0
301,-104.998758,40.665946,0.139512,0.262238,0.477157,0.094286,0.18797,0.315436,Drybeans,0
302,-104.998639,40.665946,0.13643,0.253484,0.513596,0.092079,0.182027,0.339284,Drybeans,0
303,-104.998521,40.665946,0.142997,0.27187,0.516717,0.096615,0.196813,0.341976,Drybeans,0
304,-104.998403,40.665946,0.146873,0.27399,0.501012,0.099606,0.197064,0.331769,Drybeans,0
305,-104.998285,40.665946,0.133758,0.263525,0.463195,0.090178,0.189065,0.308539,Drybeans,0
306,-104.998166,40.665946,0.135346,0.233363,0.42607,0.091568,0.165966,0.288411,Drybeans,0
307,-104.998048,40.665946,0.137124,0.240297,0.44038,0.09373,0.172439,0.301954,Drybeans,0
308,-104.99793,40.665946,0.139265,0.253137,0.504478,0.094571,0.182395,0.337251,Drybeans,0
309,-104.997811,40.665946,0.146509,0.268442,0.497088,0.098588,0.192549,0.329031,Drybeans,0
310,-104.997693,40.665946,0.146078,0.260444,0.479113,0.098458,0.185053,0.313922,Drybeans,0
311,-104.997575,40.665946,0.144711,0.233001,0.549921,0.096581,0.163833,0.355452,Drybeans,0
312,-104.997456,40.665946,0.146427,0.230133,0.573404,0.097645,0.16068,0.369178,Drybeans,0
313,-104.997338,40.665946,0.14314,0.245476,0.537401,0.095928,0.170462,0.346522,Drybeans,0
314,-104.99722,40.665946,0.144679,0.238881,0.52117,0.097488,0.166952,0.342419,Drybeans,0
315,-104.997101,40.665946,0.142302,0.216504,0.513188,0.096403,0.153976,0.34122,Drybeans,0
316,-104.996983,40.665946,0.142998,0.226957,0.513648,0.096251,0.163125,0.343854,Drybeans,0
317,-104.996865,40.665946,0.144807,0.228947,0.482708,0.097891,0.163808,0.326488,Drybeans,0
318,-104.996747,40.665946,0.143965,0.246092,0.477598,0.097633,0.174404,0.326881,Drybeans,0
319,-104.996628,40.665946,0.142857,0.268027,0.492864,0.096026,0.188417,0.337679,Drybeans,0
320,-104.99651,40.665946,0.143846,0.256364,0.482611,0.096507,0.18,0.330398,Drybeans,0
321,-104.996392,40.665946,0.147162,0.23893,0.467734,0.097862,0.166452,0.322193,Drybeans,0
322,-104.996273,40.665946,0.14402,0.197229,0.349027,0.095073,0.137299,0.245594,Drybeans,0
323,-104.999823,40.665856,0.185368,0.414749,0.472507,0.124364,0.286131,0.327378,Corn,1
324,-104.999704,40.665856,0.185366,0.434986,0.492867,0.125275,0.300776,0.343783,Corn,1
325,-104.999586,40.665856,0.184314,0.415855,0.467093,0.124229,0.28892,0.327005,Corn,1
326,-104.999468,40.665856,0.182359,0.398711,0.415328,0.122178,0.278039,0.290126,Corn,1
327,-104.999349,40.665856,0.177476,0.393512,0.38073,0.117955,0.271342,0.26326,Corn,1
328,-104.999231,40.665856,0.176116,0.387542,0.493513,0.117182,0.265588,0.33628,Corn,1
329,-104.999113,40.665856,0.174684,0.384907,0.493976,0.115642,0.264055,0.336066,Corn,1
330,-104.998994,40.665856,0.170757,0.374648,0.454995,0.112433,0.258531,0.305175,Corn,1
331,-104.998876,40.665856,0.172878,0.36351,0.477261,0.113042,0.253055,0.318263,Corn,1
332,-104.998758,40.665856,0.159813,0.355433,0.525784,0.104162,0.24786,0.343549,Corn,1
333,-104.998639,40.665856,0.160431,0.35568,0.541538,0.105482,0.246558,0.355955,Corn,1
334,-104.998521,40.665856,0.167012,0.365967,0.50897,0.109079,0.253498,0.334644,Corn,1
335,-104.998403,40.665856,0.168307,0.380886,0.52199,0.11002,0.263832,0.346976,Corn,1
336,-104.998285,40.665856,0.164348,0.358473,0.489635,0.107746,0.248494,0.328767,Corn,1
337,-104.998166,40.665856,0.165489,0.333974,0.411031,0.109772,0.22757,0.280371,Corn,1
338,-104.998048,40.665856,0.161417,0.312905,0.355978,0.108561,0.225763,0.250425,Corn,1
339,-104.99793,40.665856,0.170683,0.279128,0.480909,0.113535,0.204462,0.326658,Corn,1
340,-104.997811,40.665856,0.185904,0.333914,0.528812,0.122476,0.239837,0.348689,Corn,1
341,-104.997693,40.665856,0.177428,0.337679,0.518644,0.117193,0.242762,0.337691,Corn,1
342,-104.997575,40.665856,0.162314,0.309689,0.544596,0.106782,0.223192,0.353382,Corn,1
343,-104.997456,40.665856,0.165482,0.283151,0.567553,0.109396,0.202821,0.367455,Corn,1
344,-104.997338,40.665856,0.170732,0.288403,0.558103,0.112802,0.206583,0.363544,Corn,1
345,-104.99722,40.665856,0.164286,0.298507,0.545501,0.108296,0.213478,0.358043,Corn,1
346,-104.997101,40.665856,0.165402,0.2968,0.540479,0.10956,0.212403,0.358561,Corn,1
347,-104.996983,40.665856,0.170831,0.321903,0.539671,0.112643,0.233085,0.363301,Corn,1
348,-104.996865,40.665856,0.167425,0.310663,0.518312,0.1109,0.227366,0.351365,Corn,1
349,-104.996747,40.665856,0.169773,0.299958,0.502874,0.112709,0.218345,0.343287,Corn,1
350,-104.996628,40.665856,0.177846,0.313407,0.497848,0.117502,0.223979,0.340122,Corn,1
351,-104.99651,40.665856,0.172956,0.322884,0.501408,0.112296,0.228502,0.346004,Corn,1
352,-104.996392,40.665856,0.18177,0.31377,0.485047,0.117278,0.221103,0.33556,Corn,1
353,-104.996273,40.665856,0.175847,0.27289,0.372051,0.113491,0.192893,0.26148,Corn,1
354,-104.999823,40.665766,0.254152,0.676156,0.753513,0.168821,0.474231,0.525265,Corn,1
355,-104.999704,40.665766,0.257259,0.698236,0.750513,0.169729,0.484744,0.525999,Corn,1
356,-104.999586,40.665766,0.264416,0.710158,0.755767,0.172542,0.492036,0.532053,Corn,1
357,-104.999468,40.665766,0.267223,0.713115,0.760796,0.173913,0.500213,0.535657,Corn,1
358,-104.999349,40.665766,0.261954,0.691533,0.736507,0.170886,0.483778,0.507141,Corn,1
359,-104.999231,40.665766,0.25285,0.682657,0.736767,0.165237,0.475578,0.504133,Corn,1
360,-104.999113,40.665766,0.242028,0.679666,0.756098,0.157376,0.471852,0.5193,Corn,1
361,-104.998994,40.665766,0.251592,0.672605,0.766284,0.162181,0.457833,0.523104,Corn,1
362,-104.998876,40.665766,0.249059,0.697674,0.74359,0.159326,0.473269,0.504817,Corn,1
363,-104.998758,40.665766,0.234225,0.677388,0.741463,0.150343,0.461815,0.501099,Corn,1
364,-104.998639,40.665766,0.230769,0.649669,0.762518,0.148803,0.446947,0.521753,Corn,1
365,-104.998521,40.665766,0.223642,0.64478,0.777565,0.143901,0.44347,0.531151,Corn,1
366,-104.998403,40.665766,0.224947,0.65415,0.755819,0.144653,0.446847,0.518241,Corn,1
367,-104.998285,40.665766,0.234949,0.650734,0.739294,0.151131,0.447106,0.509514,Corn,1
368,-104.998166,40.665766,0.246392,0.649854,0.752145,0.158202,0.459624,0.514789,Corn,1
369,-104.998048,40.665766,0.238347,0.584665,0.728128,0.153829,0.438849,0.501946,Corn,1
370,-104.99793,40.665766,0.241636,0.563492,0.741289,0.155715,0.424303,0.506964,Corn,1
371,-104.997811,40.665766,0.2433,0.584677,0.755674,0.157733,0.436747,0.513564,Corn,1
372,-104.997693,40.665766,0.23669,0.560295,0.776054,0.153173,0.414945,0.526298,Corn,1
373,-104.997575,40.665766,0.231432,0.529559,0.773567,0.148004,0.389229,0.523914,Corn,1
374,-104.997456,40.665766,0.23871,0.529657,0.745311,0.152752,0.388639,0.500442,Corn,1
375,-104.997338,40.665766,0.254457,0.574013,0.743981,0.162376,0.424574,0.509135,Corn,1
376,-104.99722,40.665766,0.248387,0.57551,0.760947,0.158945,0.427273,0.522764,Corn,1
377,-104.997101,40.665766,0.242004,0.546088,0.76711,0.155622,0.404675,0.525847,Corn,1
378,-104.996983,40.665766,0.25396,0.594059,0.754748,0.161048,0.438668,0.521155,Corn,1
379,-104.996865,40.665766,0.254535,0.624361,0.730967,0.160801,0.463206,0.505818,Corn,1
380,-104.996747,40.665766,0.255738,0.614887,0.746924,0.162125,0.458568,0.518481,Corn,1
381,-104.996628,40.665766,0.265239,0.608775,0.744019,0.16767,0.453038,0.516335,Corn,1
382,-104.99651,40.665766,0.264755,0.601651,0.727294,0.165109,0.444134,0.504729,Corn,1
383,-104.996392,40.665766,0.261645,0.580113,0.72038,0.161005,0.425616,0.50043,Corn,1
384,-104.999823,40.665676,0.270339,0.752247,0.812697,0.179169,0.538281,0.573501,Corn,1
385,-104.999704,40.665676,0.279509,0.76734,0.832662,0.184092,0.548765,0.589546,Corn,1
386,-104.999586,40.665676,0.272542,0.771617,0.819576,0.179812,0.551126,0.577804,Corn,1
387,-104.999468,40.665676,0.28638,0.791621,0.822242,0.187204,0.566325,0.582718,Corn,1
388,-104.999349,40.665676,0.283177,0.793433,0.829971,0.184187,0.570216,0.583519,Corn,1
389,-104.999231,40.665676,0.281266,0.798214,0.830555,0.181911,0.565823,0.581672,Corn,1
390,-104.999113,40.665676,0.274644,0.790055,0.82208,0.177735,0.562992,0.576087,Corn,1
391,-104.998994,40.665676,0.275225,0.771135,0.823891,0.177897,0.546821,0.578127,Corn,1
392,-104.998876,40.665676,0.27428,0.775874,0.844333,0.176269,0.547059,0.592399,Corn,1
393,-104.998758,40.665676,0.267857,0.772603,0.837488,0.173706,0.541151,0.583155,Corn,1
394,-104.998639,40.665676,0.257264,0.763011,0.822584,0.166287,0.52945,0.570145,Corn,1
395,-104.998521,40.665676,0.256628,0.742556,0.828729,0.165527,0.519218,0.577911,Corn,1
396,-104.998403,40.665676,0.254652,0.711576,0.835753,0.164004,0.513694,0.587372,Corn,1
397,-104.998285,40.665676,0.255319,0.687261,0.83769,0.164384,0.513843,0.588094,Corn,1
398,-104.998166,40.665676,0.266385,0.717675,0.830928,0.172131,0.54136,0.58094,Corn,1
399,-104.998048,40.665676,0.278515,0.717849,0.834325,0.17959,0.545401,0.583671,Corn,1
400,-104.99793,40.665676,0.276281,0.73378,0.840145,0.17858,0.554215,0.590174,Corn,1
401,-104.997811,40.665676,0.277807,0.704,0.833489,0.179782,0.528,0.576326,Corn,1
402,-104.997693,40.665676,0.265997,0.646871,0.820235,0.171829,0.486025,0.565297,Corn,1
403,-104.997575,40.665676,0.258236,0.623754,0.81125,0.166362,0.4639,0.559033,Corn,1
404,-104.997456,40.665676,0.270689,0.659992,0.825453,0.173908,0.489691,0.568966,Corn,1
405,-104.997338,40.665676,0.282385,0.715205,0.835585,0.179862,0.534898,0.584339,Corn,1
406,-104.99722,40.665676,0.278778,0.704171,0.826685,0.176898,0.523601,0.577761,Corn,1
407,-104.997101,40.665676,0.274211,0.680497,0.832651,0.174274,0.509811,0.584486,Corn,1
408,-104.996983,40.665676,0.278993,0.714398,0.848451,0.176756,0.54063,0.59723,Corn,1
409,-104.996865,40.665676,0.27799,0.722481,0.827374,0.176287,0.550394,0.58029,Corn,1
410,-104.996747,40.665676,0.280654,0.733751,0.832402,0.178201,0.556193,0.58971,Corn,1
411,-104.996628,40.665676,0.293275,0.746942,0.836036,0.184979,0.559477,0.594095,Corn,1
412,-104.99651,40.665676,0.294118,0.748581,0.841881,0.182755,0.557592,0.595721,Corn,1
413,-104.996392,40.665676,0.288194,0.733038,0.824671,0.176679,0.547958,0.584783,Corn,1
414,-104.999704,40.665586,0.264113,0.712274,0.790676,0.17529,0.491578,0.541721,Corn,1
415,-104.999586,40.665586,0.260892,0.711064,0.785868,0.171534,0.490494,0.536403,Corn,1
416,-104.999468,40.665586,0.261954,0.724624,0.782661,0.170886,0.499784,0.53505,Corn,1
417,-104.999349,40.665586,0.261506,0.725184,0.777671,0.169991,0.506202,0.530739,Corn,1
418,-104.999231,40.665586,0.264331,0.744691,0.786735,0.170392,0.515509,0.54338,Corn,1
419,-104.999113,40.665586,0.271855,0.743854,0.787476,0.174817,0.514022,0.540365,Corn,1
420,-104.998994,40.665586,0.268371,0.736441,0.778853,0.172682,0.512858,0.528687,Corn,1
421,-104.998876,40.665586,0.266954,0.728625,0.787337,0.170721,0.505589,0.5348,Corn,1
422,-104.998758,40.665586,0.252794,0.685988,0.783366,0.162708,0.480601,0.531961,Corn,1
423,-104.998639,40.665586,0.245103,0.626941,0.771261,0.158237,0.449232,0.520678,Corn,1
424,-104.998521,40.665586,0.252128,0.611088,0.767827,0.162329,0.45058,0.519541,Corn,1
425,-104.998403,40.665586,0.255987,0.608313,0.777353,0.164764,0.456417,0.531352,Corn,1
426,-104.998285,40.665586,0.254488,0.620864,0.792515,0.164543,0.471987,0.544242,Corn,1
427,-104.998166,40.665586,0.252654,0.631468,0.797505,0.162865,0.484566,0.543848,Corn,1
428,-104.998048,40.665586,0.258236,0.623453,0.783875,0.166362,0.479128,0.533643,Corn,1
429,-104.99793,40.665586,0.258675,0.63481,0.784819,0.167651,0.483051,0.539441,Corn,1
430,-104.997811,40.665586,0.268885,0.624132,0.790831,0.173799,0.469917,0.540705,Corn,1
431,-104.997693,40.665586,0.260522,0.597139,0.78518,0.167581,0.449372,0.533687,Corn,1
432,-104.997575,40.665586,0.254202,0.596822,0.769513,0.16485,0.449178,0.519148,Corn,1
433,-104.997456,40.665586,0.262552,0.612787,0.775733,0.170671,0.45982,0.52629,Corn,1
434,-104.997338,40.665586,0.270042,0.634036,0.794138,0.174704,0.47916,0.548354,Corn,1
435,-104.99722,40.665586,0.277897,0.629393,0.79096,0.178048,0.472422,0.544983,Corn,1
436,-104.997101,40.665586,0.273315,0.6515,0.795364,0.174627,0.490232,0.549617,Corn,1
437,-104.996983,40.665586,0.268135,0.682403,0.799443,0.171635,0.518171,0.555006,Corn,1
438,-104.996865,40.665586,0.273116,0.681115,0.802412,0.17536,0.519276,0.557345,Corn,1
439,-104.996747,40.665586,0.275175,0.681204,0.806481,0.175924,0.520035,0.567141,Corn,1
440,-104.996628,40.665586,0.278867,0.677295,0.800456,0.177122,0.516708,0.561342,Corn,1
441,-104.99651,40.665586,0.275556,0.667447,0.800909,0.173023,0.506717,0.56234,Corn,1
442,-104.996392,40.665586,0.282426,0.671642,0.805594,0.176244,0.504988,0.563021,Corn,1
443,-104.999704,40.665496,0.255561,0.629776,0.741212,0.171457,0.423153,0.489021,Corn,1
444,-104.999586,40.665496,0.252648,0.63696,0.739487,0.167633,0.42233,0.486067,Corn,1
445,-104.999468,40.665496,0.257202,0.658561,0.734927,0.168767,0.440864,0.48522,Corn,1
446,-104.999349,40.665496,0.259761,0.667721,0.727975,0.169306,0.451926,0.477257,Corn,1
447,-104.999231,40.665496,0.259801,0.678356,0.732648,0.168933,0.460591,0.480877,Corn,1
448,-104.999113,40.665496,0.271204,0.669261,0.735925,0.17619,0.453029,0.487948,Corn,1
449,-104.998994,40.665496,0.260574,0.657061,0.727506,0.169536,0.447839,0.477503,Corn,1
450,-104.998876,40.665496,0.255544,0.606602,0.718783,0.165225,0.423948,0.466409,Corn,1
451,-104.998758,40.665496,0.258201,0.580997,0.715942,0.166743,0.421017,0.463388,Corn,1
452,-104.998639,40.665496,0.260317,0.571486,0.71636,0.168109,0.425941,0.467935,Corn,1
453,-104.998521,40.665496,0.255172,0.560205,0.722605,0.164538,0.422909,0.475996,Corn,1
454,-104.998403,40.665496,0.263495,0.547983,0.726197,0.169183,0.415298,0.476367,Corn,1
455,-104.998285,40.665496,0.26226,0.549088,0.729262,0.168647,0.418062,0.481411,Corn,1
456,-104.998166,40.665496,0.247599,0.554531,0.730114,0.159122,0.424373,0.482317,Corn,1
457,-104.998048,40.665496,0.256303,0.539992,0.726787,0.166213,0.413945,0.479845,Corn,1
458,-104.99793,40.665496,0.260574,0.550305,0.725294,0.169536,0.422717,0.483328,Corn,1
459,-104.997811,40.665496,0.262552,0.565921,0.722723,0.170671,0.432273,0.481547,Corn,1
460,-104.997693,40.665496,0.257656,0.553315,0.710553,0.166591,0.421441,0.472383,Corn,1
461,-104.997575,40.665496,0.252999,0.552713,0.720099,0.164705,0.421063,0.48206,Corn,1
462,-104.997456,40.665496,0.256785,0.553068,0.722222,0.16712,0.422216,0.483614,Corn,1
463,-104.997338,40.665496,0.260574,0.547546,0.724598,0.169536,0.419342,0.48607,Corn,1
464,-104.99722,40.665496,0.271572,0.566162,0.728624,0.175325,0.431062,0.492751,Corn,1
465,-104.997101,40.665496,0.263992,0.604633,0.744569,0.170687,0.461493,0.509141,Corn,1
466,-104.996983,40.665496,0.266491,0.605806,0.750426,0.172355,0.46483,0.507903,Corn,1
467,-104.996865,40.665496,0.2704,0.603053,0.74369,0.173829,0.462891,0.501321,Corn,1
468,-104.996747,40.665496,0.271855,0.618356,0.751776,0.174817,0.474194,0.516265,Corn,1
469,-104.996628,40.665496,0.282024,0.621186,0.763308,0.180358,0.475517,0.523241,Corn,1
470,-104.99651,40.665496,0.284632,0.596935,0.766883,0.181463,0.457339,0.522487,Corn,1
471,-104.996392,40.665496,0.28308,0.57911,0.754721,0.180249,0.441593,0.515681,Corn,1
472,-104.999704,40.665406,0.274481,0.600586,0.747379,0.186639,0.405673,0.485254,Corn,1
473,-104.999586,40.665406,0.272816,0.621963,0.748945,0.184326,0.421237,0.484531,Corn,1
474,-104.999468,40.665406,0.277943,0.641762,0.749149,0.186422,0.438099,0.48662,Corn,1
475,-104.999349,40.665406,0.275551,0.647059,0.747379,0.183496,0.432091,0.485254,Corn,1
476,-104.999231,40.665406,0.271341,0.646829,0.74739,0.179275,0.437143,0.486413,Corn,1
477,-104.999113,40.665406,0.272635,0.616319,0.747019,0.180027,0.430791,0.488033,Corn,1
478,-104.998994,40.665406,0.2696,0.571308,0.741433,0.178579,0.417043,0.483958,Corn,1
479,-104.998876,40.665406,0.281026,0.555289,0.73399,0.184719,0.416883,0.479451,Corn,1
480,-104.998758,40.665406,0.271414,0.525357,0.736206,0.177783,0.3959,0.477288,Corn,1
481,-104.998639,40.665406,0.272155,0.543401,0.745793,0.176651,0.409417,0.487589,Corn,1
482,-104.998521,40.665406,0.278132,0.594627,0.747857,0.179288,0.448718,0.496208,Corn,1
483,-104.998403,40.665406,0.275825,0.601408,0.748485,0.177478,0.456096,0.496205,Corn,1
484,-104.998285,40.665406,0.275789,0.612281,0.756219,0.178636,0.462901,0.505543,Corn,1
485,-104.998166,40.665406,0.266769,0.576453,0.751759,0.1755,0.442142,0.499777,Corn,1
486,-104.998048,40.665406,0.268687,0.533059,0.740797,0.178125,0.413463,0.491524,Corn,1
487,-104.99793,40.665406,0.27679,0.543201,0.738743,0.182927,0.420186,0.495355,Corn,1
488,-104.997811,40.665406,0.274962,0.572254,0.745201,0.180889,0.437193,0.497559,Corn,1
489,-104.997693,40.665406,0.271979,0.576087,0.748688,0.178515,0.438534,0.499334,Corn,1
490,-104.997575,40.665406,0.278926,0.594102,0.748956,0.182597,0.452334,0.504189,Corn,1
491,-104.997456,40.665406,0.279335,0.581216,0.749816,0.182332,0.444292,0.504631,Corn,1
492,-104.997338,40.665406,0.266771,0.543186,0.754403,0.173977,0.415769,0.509023,Corn,1
493,-104.99722,40.665406,0.271106,0.59534,0.758422,0.17597,0.453103,0.516383,Corn,1
494,-104.997101,40.665406,0.267358,0.649436,0.758933,0.174718,0.494086,0.519569,Corn,1
495,-104.996983,40.665406,0.266083,0.629715,0.76077,0.174544,0.482588,0.517914,Corn,1
496,-104.996865,40.665406,0.281363,0.616746,0.76077,0.184246,0.474061,0.517914,Corn,1
497,-104.996747,40.665406,0.293568,0.631711,0.76247,0.191734,0.482936,0.522801,Corn,1
498,-104.996628,40.665406,0.288584,0.654311,0.776427,0.186475,0.49684,0.536869,Corn,1
499,-104.99651,40.665406,0.292129,0.605526,0.774186,0.188823,0.463572,0.530629,Corn,1
500,-104.999586,40.665316,0.27829,0.586275,0.75675,0.188528,0.392042,0.485814,Corn,1
501,-104.999468,40.665316,0.277369,0.580089,0.759309,0.186797,0.389821,0.484838,Corn,1
502,-104.999349,40.665316,0.272189,0.542924,0.761202,0.182862,0.375364,0.487625,Corn,1
503,-104.999231,40.665316,0.280684,0.543348,0.757188,0.186497,0.393168,0.487209,Corn,1
504,-104.999113,40.665316,0.26812,0.523734,0.751599,0.177398,0.393349,0.483318,Corn,1
505,-104.998994,40.665316,0.255673,0.515105,0.750658,0.169641,0.392562,0.486367,Corn,1
506,-104.998876,40.665316,0.273652,0.526074,0.745758,0.180699,0.402897,0.485279,Corn,1
507,-104.998758,40.665316,0.273663,0.489851,0.728026,0.179568,0.375367,0.467517,Corn,1
508,-104.998639,40.665316,0.275915,0.462095,0.735709,0.180784,0.355024,0.473747,Corn,1
509,-104.998521,40.665316,0.283316,0.536378,0.757903,0.18384,0.40893,0.497526,Corn,1
510,-104.998403,40.665316,0.271579,0.562212,0.762124,0.175909,0.430251,0.502243,Corn,1
511,-104.998285,40.665316,0.28278,0.570336,0.760446,0.18311,0.437451,0.503352,Corn,1
512,-104.998166,40.665316,0.27588,0.535127,0.763724,0.18191,0.414992,0.505808,Corn,1
513,-104.998048,40.665316,0.268828,0.50714,0.762592,0.179467,0.397152,0.504916,Corn,1
514,-104.99793,40.665316,0.26783,0.525074,0.759719,0.178801,0.409823,0.505564,Corn,1
515,-104.997811,40.665316,0.275127,0.558501,0.761787,0.181879,0.430364,0.509967,Corn,1
516,-104.997693,40.665316,0.278234,0.575758,0.7714,0.182779,0.44358,0.517253,Corn,1
517,-104.997575,40.665316,0.268443,0.544942,0.769824,0.17655,0.421303,0.514851,Corn,1
518,-104.997456,40.665316,0.275615,0.543159,0.77025,0.181267,0.419464,0.518735,Corn,1
519,-104.997338,40.665316,0.279419,0.582494,0.770587,0.182547,0.44392,0.52363,Corn,1
520,-104.99722,40.665316,0.280992,0.629344,0.774708,0.18395,0.480354,0.530438,Corn,1
521,-104.997101,40.665316,0.282766,0.635535,0.780664,0.185219,0.489092,0.531666,Corn,1
522,-104.996983,40.665316,0.278987,0.615949,0.76992,0.184693,0.476156,0.522346,Corn,1
523,-104.996865,40.665316,0.290092,0.617808,0.773264,0.191117,0.476895,0.531839,Corn,1
524,-104.996747,40.665316,0.295513,0.623498,0.779031,0.193625,0.478717,0.537173,Corn,1
525,-104.996628,40.665316,0.299163,0.650421,0.789179,0.19447,0.493075,0.546512,Corn,1
526,-104.99651,40.665316,0.298429,0.587986,0.772695,0.193878,0.449382,0.528922,Corn,1
527,-104.999586,40.665226,0.251863,0.520782,0.738942,0.168513,0.351485,0.470294,Corn,1
528,-104.999468,40.665226,0.263896,0.498252,0.746849,0.175784,0.357143,0.472717,Corn,1
529,-104.999349,40.665226,0.259819,0.469062,0.74423,0.172537,0.352148,0.473511,Corn,1
530,-104.999231,40.665226,0.265887,0.5,0.748086,0.175621,0.381486,0.483612,Corn,1
531,-104.999113,40.665226,0.255222,0.510188,0.746809,0.168384,0.390218,0.480822,Corn,1
532,-104.998994,40.665226,0.240883,0.510484,0.739177,0.158197,0.392055,0.476269,Corn,1
533,-104.998876,40.665226,0.249871,0.515919,0.737342,0.163433,0.395046,0.477025,Corn,1
534,-104.998758,40.665226,0.254658,0.497537,0.72944,0.166516,0.383246,0.467709,Corn,1
535,-104.998639,40.665226,0.250657,0.458761,0.730458,0.162503,0.352855,0.466705,Corn,1
536,-104.998521,40.665226,0.256287,0.474531,0.725236,0.164454,0.363627,0.46301,Corn,1
537,-104.998403,40.665226,0.251366,0.494802,0.734116,0.159353,0.378164,0.471644,Corn,1
538,-104.998285,40.665225,0.251487,0.495659,0.745816,0.160382,0.382501,0.484814,Corn,1
539,-104.998166,40.665225,0.238642,0.495369,0.742236,0.155266,0.385747,0.485334,Corn,1
540,-104.998048,40.665225,0.247423,0.503138,0.747942,0.162162,0.392494,0.490774,Corn,1
541,-104.99793,40.665225,0.243603,0.530551,0.755729,0.160305,0.412037,0.501784,Corn,1
542,-104.997811,40.665225,0.265029,0.575295,0.761905,0.172332,0.441831,0.510186,Corn,1
543,-104.997693,40.665225,0.273396,0.584296,0.762035,0.177192,0.446646,0.508658,Corn,1
544,-104.997575,40.665225,0.280423,0.572876,0.761202,0.181093,0.435255,0.507115,Corn,1
545,-104.997456,40.665225,0.278394,0.57529,0.772115,0.179945,0.439096,0.520482,Corn,1
546,-104.997338,40.665225,0.272727,0.618362,0.781136,0.17623,0.47022,0.528123,Corn,1
547,-104.99722,40.665225,0.273396,0.646422,0.777455,0.177192,0.49292,0.527178,Corn,1
548,-104.997101,40.665225,0.278275,0.62639,0.776163,0.1803,0.479636,0.526512,Corn,1
549,-104.996983,40.665225,0.271302,0.612167,0.768004,0.176411,0.47076,0.521668,Corn,1
550,-104.996865,40.665225,0.281756,0.621725,0.769212,0.183209,0.476733,0.526948,Corn,1
551,-104.996747,40.665225,0.279204,0.605183,0.771703,0.181334,0.464871,0.52639,Corn,1
552,-104.996628,40.665225,0.291755,0.607136,0.773343,0.188525,0.46239,0.530188,Corn,1
553,-104.99651,40.665225,0.291979,0.563032,0.768482,0.187414,0.429414,0.520193,Corn,1
554,-104.999468,40.665135,0.263797,0.482031,0.729902,0.174637,0.36581,0.470578,Corn,1
555,-104.999349,40.665135,0.253535,0.498462,0.742265,0.16808,0.381176,0.474762,Corn,1
556,-104.999231,40.665135,0.244014,0.513451,0.745998,0.16099,0.392787,0.479424,Corn,1
557,-104.999113,40.665135,0.24987,0.534003,0.727417,0.163051,0.407429,0.47018,Corn,1
558,-104.998994,40.665135,0.242456,0.524895,0.726505,0.158073,0.403722,0.469731,Corn,1
559,-104.998876,40.665135,0.238537,0.5124,0.728601,0.156384,0.39338,0.474185,Corn,1
560,-104.998758,40.665135,0.236118,0.505155,0.724967,0.154168,0.387673,0.465695,Corn,1
561,-104.998639,40.665135,0.243706,0.500972,0.726361,0.156286,0.381135,0.46272,Corn,1
562,-104.998521,40.665135,0.258118,0.518129,0.713825,0.16296,0.393583,0.456641,Corn,1
563,-104.998403,40.665135,0.259384,0.515798,0.719946,0.162077,0.389308,0.461763,Corn,1
564,-104.998285,40.665135,0.269273,0.501157,0.730301,0.17135,0.382803,0.47176,Corn,1
565,-104.998166,40.665135,0.245503,0.503589,0.735494,0.158542,0.388479,0.478246,Corn,1
566,-104.998048,40.665135,0.243215,0.517918,0.739758,0.158288,0.399825,0.484912,Corn,1
567,-104.99793,40.665135,0.235202,0.516105,0.738773,0.152756,0.399807,0.485388,Corn,1
568,-104.997811,40.665135,0.251456,0.543752,0.735734,0.162338,0.417139,0.486582,Corn,1
569,-104.997693,40.665135,0.263771,0.571429,0.741165,0.170237,0.434988,0.495343,Corn,1
570,-104.997575,40.665135,0.277689,0.595471,0.747275,0.178187,0.451986,0.500664,Corn,1
571,-104.997456,40.665135,0.277509,0.622235,0.763029,0.177745,0.471708,0.513454,Corn,1
572,-104.997338,40.665135,0.278373,0.645821,0.768534,0.178571,0.490723,0.518488,Corn,1
573,-104.99722,40.665135,0.275825,0.637066,0.762259,0.177478,0.486248,0.510843,Corn,1
574,-104.997101,40.665135,0.26917,0.59148,0.749136,0.173878,0.454767,0.502873,Corn,1
575,-104.996983,40.665135,0.275225,0.579027,0.748704,0.177897,0.44544,0.502652,Corn,1
576,-104.996865,40.665135,0.281184,0.59292,0.745242,0.181694,0.453324,0.503517,Corn,1
577,-104.996747,40.665135,0.280637,0.589763,0.744208,0.180958,0.449203,0.505906,Corn,1
578,-104.996628,40.665135,0.286095,0.594044,0.745978,0.18403,0.450119,0.508511,Corn,1
579,-104.999349,40.665045,0.253746,0.565083,0.778777,0.169258,0.431224,0.519545,Corn,1
580,-104.999231,40.665045,0.256709,0.574894,0.77997,0.169944,0.439376,0.523857,Corn,1
581,-104.999113,40.665045,0.258462,0.603744,0.776031,0.169888,0.458531,0.522487,Corn,1
582,-104.998994,40.665045,0.246618,0.598763,0.773145,0.160787,0.456753,0.517499,Corn,1
583,-104.998876,40.665045,0.241919,0.603708,0.773021,0.157537,0.4607,0.516633,Corn,1
584,-104.998758,40.665045,0.248841,0.6,0.777226,0.163139,0.458391,0.520374,Corn,1
585,-104.998639,40.665045,0.256181,0.606545,0.778559,0.165985,0.460924,0.517811,Corn,1
586,-104.998521,40.665045,0.271745,0.648082,0.781421,0.173408,0.488865,0.522823,Corn,1
587,-104.998403,40.665045,0.267391,0.675915,0.789654,0.170046,0.505615,0.532162,Corn,1
588,-104.998285,40.665045,0.261752,0.660616,0.796256,0.168115,0.498808,0.539065,Corn,1
589,-104.998166,40.665045,0.261942,0.641942,0.798697,0.169921,0.488571,0.542874,Corn,1
590,-104.998048,40.665045,0.260574,0.635308,0.789577,0.169536,0.484261,0.531319,Corn,1
591,-104.99793,40.665045,0.248811,0.627746,0.794429,0.160824,0.479588,0.533786,Corn,1
592,-104.997811,40.665045,0.262269,0.636188,0.797395,0.169625,0.485255,0.542204,Corn,1
593,-104.997693,40.665045,0.276211,0.669334,0.786024,0.17778,0.5081,0.534754,Corn,1
594,-104.997575,40.665045,0.280475,0.688347,0.788383,0.179146,0.520815,0.536288,Corn,1
595,-104.997456,40.665045,0.281046,0.706835,0.801932,0.178506,0.533393,0.544858,Corn,1
596,-104.997338,40.665045,0.28,0.712032,0.80019,0.178621,0.537736,0.54824,Corn,1
597,-104.99722,40.665045,0.29532,0.694969,0.799093,0.188919,0.525773,0.546567,Corn,1
598,-104.997101,40.665045,0.292735,0.670758,0.788814,0.188015,0.509671,0.536511,Corn,1
599,-104.996983,40.665045,0.292735,0.657333,0.785085,0.188015,0.498219,0.537404,Corn,1
600,-104.996865,40.665045,0.283039,0.649713,0.789573,0.181621,0.489854,0.542082,Corn,1
601,-104.996747,40.665045,0.27957,0.640742,0.782949,0.178899,0.483708,0.536912,Corn,1
602,-104.999231,40.664955,0.266187,0.695618,0.854176,0.174764,0.522754,0.608755,Corn,1
603,-104.999113,40.664955,0.259221,0.695022,0.85394,0.169153,0.526529,0.607102,Corn,1
604,-104.998994,40.664955,0.252962,0.705929,0.851901,0.165841,0.532604,0.605086,Corn,1
605,-104.998876,40.664955,0.257624,0.717908,0.850463,0.16697,0.541003,0.599077,Corn,1
606,-104.998758,40.664955,0.262227,0.746289,0.848313,0.170963,0.562668,0.596846,Corn,1
607,-104.998639,40.664955,0.259065,0.756826,0.851299,0.167954,0.572738,0.599523,Corn,1
608,-104.998521,40.664955,0.262427,0.75351,0.856014,0.168497,0.572275,0.603276,Corn,1
609,-104.998403,40.664955,0.253025,0.760503,0.860171,0.16394,0.575689,0.606424,Corn,1
610,-104.998285,40.664955,0.257113,0.758156,0.863186,0.166439,0.575304,0.609276,Corn,1
611,-104.998166,40.664955,0.26796,0.766562,0.866608,0.173928,0.579031,0.616682,Corn,1
612,-104.998048,40.664955,0.275393,0.768972,0.865294,0.178912,0.579427,0.612578,Corn,1
613,-104.99793,40.664955,0.261816,0.76197,0.862053,0.16872,0.578086,0.604759,Corn,1
614,-104.997811,40.664955,0.254585,0.759906,0.860252,0.162609,0.576855,0.601442,Corn,1
615,-104.997693,40.664955,0.270968,0.766438,0.856686,0.173394,0.580238,0.600192,Corn,1
616,-104.997575,40.664955,0.271251,0.773368,0.862053,0.172878,0.582279,0.604759,Corn,1
617,-104.997456,40.664955,0.28,0.776539,0.855623,0.177225,0.583624,0.602134,Corn,1
618,-104.997338,40.664955,0.281267,0.765462,0.857725,0.178365,0.572946,0.60325,Corn,1
619,-104.99722,40.664955,0.281912,0.747994,0.862007,0.179337,0.560096,0.60989,Corn,1
620,-104.997101,40.664955,0.281418,0.737614,0.864043,0.180193,0.555744,0.611909,Corn,1
621,-104.996983,40.664955,0.289629,0.735399,0.854139,0.185393,0.553418,0.604752,Corn,1
622,-104.996865,40.664955,0.286638,0.725206,0.850598,0.183196,0.542323,0.599459,Corn,1
623,-104.999113,40.664865,0.261048,0.732914,0.876818,0.17139,0.554697,0.635593,Corn,1
624,-104.998994,40.664865,0.263804,0.748479,0.876903,0.173698,0.566753,0.634741,Corn,1
625,-104.998876,40.664865,0.26283,0.750937,0.875027,0.171709,0.566951,0.626137,Corn,1
626,-104.998758,40.664865,0.268873,0.758654,0.874674,0.175913,0.575349,0.628387,Corn,1
627,-104.998639,40.664865,0.266494,0.769578,0.879102,0.173898,0.582615,0.634136,Corn,1
628,-104.998521,40.664865,0.258098,0.779671,0.877056,0.167875,0.594245,0.631809,Corn,1
629,-104.998403,40.664865,0.258577,0.776402,0.875055,0.17011,0.592035,0.627375,Corn,1
630,-104.998285,40.664865,0.265496,0.758157,0.878246,0.173805,0.580313,0.630022,Corn,1
631,-104.998166,40.664865,0.273105,0.763755,0.883989,0.178265,0.583938,0.635583,Corn,1
632,-104.998048,40.664865,0.276465,0.764843,0.883905,0.181511,0.582332,0.631546,Corn,1
633,-104.99793,40.664865,0.266321,0.777605,0.878707,0.174041,0.590972,0.625657,Corn,1
634,-104.997811,40.664865,0.270811,0.783161,0.875716,0.175307,0.594278,0.624974,Corn,1
635,-104.997693,40.664865,0.283139,0.773252,0.874536,0.182627,0.586079,0.626789,Corn,1
636,-104.997575,40.664865,0.287919,0.771992,0.87691,0.185316,0.583019,0.628992,Corn,1
637,-104.997456,40.664865,0.29898,0.782739,0.874126,0.191497,0.58805,0.626566,Corn,1
638,-104.997338,40.664865,0.308855,0.782775,0.877461,0.197151,0.585963,0.624987,Corn,1
639,-104.99722,40.664865,0.299569,0.766673,0.874529,0.19146,0.57287,0.622174,Corn,1
640,-104.997101,40.664865,0.302449,0.750551,0.873239,0.194609,0.562631,0.623638,Corn,1
641,-104.996983,40.664865,0.303524,0.742527,0.871376,0.19666,0.557896,0.625378,Corn,1
642,-104.998994,40.664775,0.266037,0.73318,0.866556,0.177898,0.560772,0.638408,Corn,1
643,-104.998876,40.664775,0.273904,0.752294,0.874039,0.183008,0.577013,0.642901,Corn,1
644,-104.998758,40.664775,0.277108,0.749333,0.879718,0.184328,0.575707,0.647831,Corn,1
645,-104.998639,40.664775,0.271706,0.743806,0.881374,0.179004,0.569168,0.647884,Corn,1
646,-104.998521,40.664775,0.27449,0.759508,0.878305,0.180942,0.581129,0.642945,Corn,1
647,-104.998403,40.664775,0.281485,0.770642,0.88186,0.187291,0.591087,0.646102,Corn,1
648,-104.998285,40.664775,0.281974,0.764728,0.883544,0.187249,0.587262,0.644969,Corn,1
649,-104.998166,40.664775,0.294593,0.775076,0.888355,0.195244,0.596259,0.651487,Corn,1
650,-104.998048,40.664775,0.285352,0.764863,0.887564,0.188799,0.5866,0.644802,Corn,1
651,-104.99793,40.664775,0.276229,0.756809,0.890753,0.182763,0.579499,0.643834,Corn,1
652,-104.997811,40.664775,0.296524,0.770517,0.887621,0.195242,0.585979,0.647524,Corn,1
653,-104.997693,40.664775,0.299435,0.76226,0.884242,0.196649,0.577243,0.645059,Corn,1
654,-104.997575,40.664775,0.297694,0.759343,0.882952,0.193285,0.575759,0.642857,Corn,1
655,-104.997456,40.664775,0.302791,0.76531,0.88195,0.196067,0.577519,0.639314,Corn,1
656,-104.997338,40.664775,0.312169,0.761323,0.882963,0.201595,0.575412,0.63685,Corn,1
657,-104.99722,40.664775,0.310638,0.752756,0.880526,0.2,0.569048,0.635519,Corn,1
658,-104.997101,40.664775,0.304949,0.72242,0.874836,0.196278,0.544939,0.626646,Corn,1
659,-104.998758,40.664685,0.280434,0.6941,0.84111,0.188452,0.536815,0.615188,Corn,1
660,-104.998639,40.664685,0.273547,0.68366,0.857448,0.182162,0.530324,0.622238,Corn,1
661,-104.998521,40.664685,0.281873,0.663776,0.865073,0.188332,0.517852,0.627633,Corn,1
662,-104.998403,40.664685,0.275405,0.690327,0.86,0.185475,0.539471,0.631837,Corn,1
663,-104.998285,40.664685,0.287413,0.72552,0.861403,0.192563,0.562083,0.630301,Corn,1
664,-104.998166,40.664685,0.312127,0.745563,0.869547,0.208777,0.578238,0.6398,Corn,1
665,-104.998048,40.664685,0.293051,0.735338,0.864738,0.194605,0.568605,0.628633,Corn,1
666,-104.99793,40.664685,0.286002,0.716562,0.862249,0.189924,0.551602,0.618899,Corn,1
667,-104.997811,40.664685,0.29798,0.694153,0.861472,0.197545,0.537539,0.620582,Corn,1
668,-104.997693,40.664685,0.306573,0.702224,0.867524,0.203984,0.542305,0.628091,Corn,1
669,-104.997575,40.664685,0.300921,0.695253,0.859817,0.198024,0.532864,0.617573,Corn,1
670,-104.997456,40.664685,0.299843,0.705126,0.877104,0.194854,0.531632,0.641099,Corn,1
671,-104.997338,40.664685,0.271106,0.701445,0.887231,0.17597,0.52524,0.653502,Corn,1
672,-104.998403,40.664595,0.257515,0.605391,0.789522,0.171486,0.469058,0.551112,Corn,1
673,-104.998285,40.664595,0.270696,0.633421,0.79205,0.178899,0.489529,0.559664,Corn,1
674,-104.998166,40.664595,0.284627,0.64557,0.792325,0.188213,0.501543,0.558324,Corn,1
675,-104.998048,40.664595,0.279837,0.63436,0.796108,0.184941,0.492081,0.553242,Corn,1
676,-104.99793,40.664595,0.284254,0.629799,0.792652,0.187163,0.484408,0.547881,Corn,1
677,-104.997811,40.664595,0.286307,0.626324,0.781369,0.186992,0.482893,0.535621,Corn,1
678,-104.997693,40.664595,0.283231,0.603002,0.780919,0.18649,0.466699,0.537858,Corn,1
